/*
SQLyog Ultimate v11.11 (64 bit)
MySQL - 5.6.22 : Database - laundrysystem
*********************************************************************
*/

/*!40101 SET NAMES utf8 */;

/*!40101 SET SQL_MODE=''*/;

/*!40014 SET @OLD_UNIQUE_CHECKS=@@UNIQUE_CHECKS, UNIQUE_CHECKS=0 */;
/*!40014 SET @OLD_FOREIGN_KEY_CHECKS=@@FOREIGN_KEY_CHECKS, FOREIGN_KEY_CHECKS=0 */;
/*!40101 SET @OLD_SQL_MODE=@@SQL_MODE, SQL_MODE='NO_AUTO_VALUE_ON_ZERO' */;
/*!40111 SET @OLD_SQL_NOTES=@@SQL_NOTES, SQL_NOTES=0 */;
CREATE DATABASE /*!32312 IF NOT EXISTS*/`laundrysystem` /*!40100 DEFAULT CHARACTER SET utf8 */;

USE `laundrysystem`;

/*Table structure for table `fin_recorded` */

DROP TABLE IF EXISTS `fin_recorded`;

CREATE TABLE `fin_recorded` (
  `id` varchar(255) NOT NULL,
  `money` decimal(10,2) DEFAULT NULL,
  `year` int(11) DEFAULT NULL,
  `month` int(11) DEFAULT NULL,
  `day` int(11) DEFAULT NULL,
  `createTime` datetime DEFAULT NULL,
  `sourceId` varchar(255) DEFAULT NULL,
  `description` text,
  `userId` varchar(255) DEFAULT NULL,
  `clientId` varchar(255) DEFAULT NULL,
  `record` int(11) DEFAULT NULL COMMENT '0收入 1支出',
  `orderId` varchar(64) DEFAULT NULL,
  PRIMARY KEY (`id`),
  KEY `fk1dsdsds` (`sourceId`),
  KEY `fk_user2` (`userId`)
) ENGINE=InnoDB DEFAULT CHARSET=utf8;

/*Data for the table `fin_recorded` */

insert  into `fin_recorded`(`id`,`money`,`year`,`month`,`day`,`createTime`,`sourceId`,`description`,`userId`,`clientId`,`record`,`orderId`) values ('023994a5-bf6b-426d-b6f6-807259b94fa6',103.20,2018,4,19,'2018-04-19 18:19:16','5c8a1e64-8efc-445e-a0e0-bb85da1f4c23',NULL,'7','15da2d0f-14f0-41f8-9f43-ada66d18923b',0,'c655ec75-25ca-4561-87c1-59e7d8b4fe7e'),('1e1bb2c3-d1b4-4d2b-b47a-ca0eb7bc8918',24.00,2018,6,8,'2018-06-08 11:01:49','5c8a1e64-8efc-445e-a0e0-bb85da1f4c23',NULL,'b145dab3-7891-492a-8ac3-8848e48a4cd7','15da2d0f-14f0-41f8-9f43-ada66d18923b',0,'b2d1ffa0-a414-4c64-b223-f6c72b0d006b'),('2758a7ea-b475-4d05-87c7-9d0b5b27776c',384.00,2018,4,19,'2018-04-19 18:16:57','5c8a1e64-8efc-445e-a0e0-bb85da1f4c23',NULL,'7','15da2d0f-14f0-41f8-9f43-ada66d18923b',0,'ba8a8edc-52b9-49d9-b13c-1cdd7864dd40'),('31b5e844-7925-4e03-ab2e-e8a258477808',0.00,2018,5,29,'2018-05-29 19:03:21','5c8a1e64-8efc-445e-a0e0-bb85da1f4c23',NULL,'b145dab3-7891-492a-8ac3-8848e48a4cd7','15da2d0f-14f0-41f8-9f43-ada66d18923b',0,'ac8553d1-0bc2-4971-acec-f08ac4ec221b'),('39a1dcbc-5e99-4525-8f1d-526254f7f20a',12.00,2018,5,26,'2018-05-26 10:03:55','5c8a1e64-8efc-445e-a0e0-bb85da1f4c23',NULL,'b145dab3-7891-492a-8ac3-8848e48a4cd7','15da2d0f-14f0-41f8-9f43-ada66d18923b',0,'d7a0b315-d2ea-4e5d-a047-1009388821f2'),('4aef314f-c685-4bb0-86cb-e0ab20961a77',80.00,2018,4,19,'2018-04-19 18:17:41','5c8a1e64-8efc-445e-a0e0-bb85da1f4c23',NULL,'7','15da2d0f-14f0-41f8-9f43-ada66d18923b',0,'26271400-d538-4a91-b576-37bbab70350b'),('4dd96151-9fad-4af5-aa90-8d568ea0f5b8',24.00,2018,5,9,'2018-05-09 12:32:41','5c8a1e64-8efc-445e-a0e0-bb85da1f4c23',NULL,'7','15da2d0f-14f0-41f8-9f43-ada66d18923b',0,'a626fc63-bdc5-4d8d-a21e-518620cc056d'),('630daac5-4072-45e1-a6d1-7894880d2ba1',24.00,2018,5,5,'2018-05-05 14:00:09','5c8a1e64-8efc-445e-a0e0-bb85da1f4c23',NULL,'7','15da2d0f-14f0-41f8-9f43-ada66d18923b',0,'4c8398f1-a47f-4d3d-957a-79fbbdac24d6'),('69cb265d-699e-4a7e-9b12-2939148bb155',84.80,2018,5,8,'2018-05-08 13:21:06','5c8a1e64-8efc-445e-a0e0-bb85da1f4c23',NULL,'7','15da2d0f-14f0-41f8-9f43-ada66d18923b',0,'9aff089f-8b36-468e-9e83-56f5a1eedb79'),('6c9f52d0-3e60-4bda-997c-8d2194cd0ae9',120.00,2018,5,26,'2018-05-26 10:08:52','5c8a1e64-8efc-445e-a0e0-bb85da1f4c23',NULL,'b145dab3-7891-492a-8ac3-8848e48a4cd7','15da2d0f-14f0-41f8-9f43-ada66d18923b',0,'3c243fe7-14f6-4404-9adb-2fa485045885'),('74665ed0-97fc-480e-932f-6126eabafc44',22.40,2018,6,8,'2018-06-08 10:50:15','5c8a1e64-8efc-445e-a0e0-bb85da1f4c23',NULL,'b145dab3-7891-492a-8ac3-8848e48a4cd7','15da2d0f-14f0-41f8-9f43-ada66d18923b',0,'c70431a7-d2b6-4913-a0dd-1f900c8c1ab7'),('861bc7ef-c8d5-4f13-b243-50e1778e699f',27.20,2018,6,8,'2018-06-08 11:02:39','5c8a1e64-8efc-445e-a0e0-bb85da1f4c23',NULL,'b145dab3-7891-492a-8ac3-8848e48a4cd7','15da2d0f-14f0-41f8-9f43-ada66d18923b',0,'1be1a79a-72e8-45db-979e-4888d79d89ea'),('86d653c4-b001-41b5-a1c9-6bf57680d6f2',24.00,2018,6,8,'2018-06-08 10:41:52','5c8a1e64-8efc-445e-a0e0-bb85da1f4c23',NULL,'b145dab3-7891-492a-8ac3-8848e48a4cd7','15da2d0f-14f0-41f8-9f43-ada66d18923b',0,'5031be5b-f377-49e0-8b71-98687f0c256b'),('9c0b4f37-4cff-490c-b58a-9931c57243e7',24.00,2018,6,8,'2018-06-08 10:58:06','5c8a1e64-8efc-445e-a0e0-bb85da1f4c23',NULL,'b145dab3-7891-492a-8ac3-8848e48a4cd7','15da2d0f-14f0-41f8-9f43-ada66d18923b',0,'1e97ef90-d302-45e7-82eb-bcb31b2332da'),('afb9456d-b3ad-4518-92fb-303c7acfb7ae',47.20,2018,5,25,'2018-05-25 23:10:17','5c8a1e64-8efc-445e-a0e0-bb85da1f4c23',NULL,'b145dab3-7891-492a-8ac3-8848e48a4cd7','15da2d0f-14f0-41f8-9f43-ada66d18923b',0,'f94345b3-1aa7-4ab9-8e6f-d4afc91a9daa'),('ba1d1be9-a27f-4863-99c9-fa419830c222',24.00,2018,6,8,'2018-06-08 10:53:08','5c8a1e64-8efc-445e-a0e0-bb85da1f4c23',NULL,'b145dab3-7891-492a-8ac3-8848e48a4cd7','15da2d0f-14f0-41f8-9f43-ada66d18923b',0,'68c471e2-4699-4a00-bf84-f1afaa3714b8'),('bbe43047-74d9-495e-9df4-9d1c2c370e95',34.40,2018,6,8,'2018-06-08 10:59:10','5c8a1e64-8efc-445e-a0e0-bb85da1f4c23',NULL,'b145dab3-7891-492a-8ac3-8848e48a4cd7','15da2d0f-14f0-41f8-9f43-ada66d18923b',0,'6510c4a3-3b0c-403a-8fe1-b49bca2b8e2e'),('bed7f995-49fb-4679-bf74-f3dc811b3506',200.00,2018,6,8,'2018-06-08 10:54:58','9347af38-2b34-4a5f-b952-d0f62ad92254',NULL,'b145dab3-7891-492a-8ac3-8848e48a4cd7',NULL,1,NULL),('ca806fee-abb9-49ca-ab65-b300577083fe',197.60,2018,6,8,'2018-06-08 10:48:27','5c8a1e64-8efc-445e-a0e0-bb85da1f4c23',NULL,'b145dab3-7891-492a-8ac3-8848e48a4cd7','15da2d0f-14f0-41f8-9f43-ada66d18923b',0,'a695ca1f-5a3b-488e-ab37-27ca537f6c83'),('f679eaa1-089d-4848-aec8-bf6c21dd2b68',24.00,2018,5,9,'2018-05-09 12:48:18','5c8a1e64-8efc-445e-a0e0-bb85da1f4c23',NULL,'7','15da2d0f-14f0-41f8-9f43-ada66d18923b',0,'0a9bf408-efad-46e2-b842-71dcb9b50993'),('f83a0862-0496-4d6e-ae45-37ba7eee93bf',103.20,2018,6,8,'2018-06-08 10:54:26','5c8a1e64-8efc-445e-a0e0-bb85da1f4c23',NULL,'b145dab3-7891-492a-8ac3-8848e48a4cd7','15da2d0f-14f0-41f8-9f43-ada66d18923b',0,'1aa3746d-0f69-4be4-9754-1da95897cc98');

/*Table structure for table `fin_source` */

DROP TABLE IF EXISTS `fin_source`;

CREATE TABLE `fin_source` (
  `id` varchar(255) NOT NULL,
  `name` varchar(255) DEFAULT NULL,
  `isRecord` int(11) DEFAULT NULL COMMENT '0收入 1支出',
  `createTime` datetime DEFAULT NULL,
  PRIMARY KEY (`id`)
) ENGINE=InnoDB DEFAULT CHARSET=utf8;

/*Data for the table `fin_source` */

insert  into `fin_source`(`id`,`name`,`isRecord`,`createTime`) values ('2cd8e20f-1bff-483b-b2ec-8aa56fcd0722','水果/零食',1,'2018-04-19 10:27:08'),('5c8a1e64-8efc-445e-a0e0-bb85da1f4c23','洗衣收入',0,'2018-03-25 20:24:43'),('9347af38-2b34-4a5f-b952-d0f62ad92254','员工工资',1,'2018-03-27 16:13:46'),('9edfd694-371b-4fd0-ba45-b351575c2f83','请客/送礼',1,'2018-04-19 10:27:51'),('c9039790-40b1-4644-a5b0-606e2cce95eb','吃饭',1,'2018-04-19 10:27:38');

/*Table structure for table `ld_client` */

DROP TABLE IF EXISTS `ld_client`;

CREATE TABLE `ld_client` (
  `id` varchar(64) NOT NULL,
  `name` varchar(20) DEFAULT NULL,
  `phone` varchar(64) DEFAULT NULL,
  `address` varchar(255) DEFAULT NULL,
  `level` int(3) DEFAULT NULL,
  `create_time` datetime DEFAULT NULL,
  PRIMARY KEY (`id`)
) ENGINE=InnoDB DEFAULT CHARSET=utf8;

/*Data for the table `ld_client` */

insert  into `ld_client`(`id`,`name`,`phone`,`address`,`level`,`create_time`) values ('0442f1b6-f1d0-47b1-8820-77d2ca6ef4f6','王粉英','13593205942','吼吼吼',1,'2018-04-02 12:01:19'),('1','1','2','33223232',1615,'2018-03-18 16:09:32'),('15da2d0f-14f0-41f8-9f43-ada66d18923b','常彦东','13259786801','山西省忻州市忻府区',2238,'2018-03-27 16:59:51'),('220727a8-b871-4419-a661-647a8f4c2a08','13346','66464','6166464',1,'2018-04-02 12:00:50'),('2827d53b-7192-4e7b-a45e-e15571bb6810','1232','32132','3232',1,'2018-04-02 11:43:19'),('6eb1267d-c699-4e6b-962d-375187e116b0','去44','111','皮',1,'2018-04-02 12:12:33'),('79ec1510-4637-4560-b4cb-17cf650b91ad','23','12312','312312',1,'2018-04-02 11:58:33'),('9140cbca-628b-4447-be97-65fb2fff3720','地瓜','1311','1311',1,'2018-04-23 14:21:17'),('c2a1e021-991a-40c4-b866-090c2781499e',NULL,NULL,NULL,1,'2018-04-05 11:03:44'),('c59e3c28-a709-481b-99f4-aff3beaceed0','12134','46464','131',1,'2018-04-06 16:48:30'),('d93c2271-9ce4-416e-a20b-5efbbc429e36','1213','6333','6586',1,'2018-04-02 11:59:13'),('dcf449dc-d700-4dc5-aef4-d6494c0eefdc',NULL,NULL,NULL,1,'2018-04-05 11:05:42'),('f8ab382e-1a34-45ee-8933-235fe88ff0ed','qwewq','123123','12312312',1,'2018-04-05 11:04:27'),('f9e05fc4-cdad-412b-a51a-b5c9664af369','32','1321','3213123213',1,'2018-03-18 16:42:00');

/*Table structure for table `ld_clothes_type` */

DROP TABLE IF EXISTS `ld_clothes_type`;

CREATE TABLE `ld_clothes_type` (
  `id` varchar(64) NOT NULL,
  `type_name` varchar(64) DEFAULT NULL,
  `price` decimal(10,2) DEFAULT NULL,
  `create_time` datetime DEFAULT NULL,
  PRIMARY KEY (`id`)
) ENGINE=InnoDB DEFAULT CHARSET=utf8;

/*Data for the table `ld_clothes_type` */

insert  into `ld_clothes_type`(`id`,`type_name`,`price`,`create_time`) values ('098a2a14-d251-46d7-a652-2e521406c6e7','床单',2.00,'2018-03-27 17:03:32'),('469673b6-aef5-4638-b41f-4450e3772228','内衣',2.00,'2018-03-19 14:37:38'),('6bc8d71f-1317-46c1-932d-66524cac46f5','外套',3.00,'2018-03-19 14:37:56'),('8f0973c6-dd14-4ef8-96cd-94634ced62b9','被罩',3.00,'2018-03-27 17:03:37'),('acc0e8c8-58a8-490f-ac7e-8ca8d63c3ee7','大衣',2.00,'2018-05-08 13:26:51');

/*Table structure for table `ld_integral` */

DROP TABLE IF EXISTS `ld_integral`;

CREATE TABLE `ld_integral` (
  `id` varchar(64) NOT NULL,
  `integral` int(11) DEFAULT NULL,
  `name` varchar(64) DEFAULT NULL,
  `create_time` datetime DEFAULT NULL,
  `discount` double DEFAULT NULL COMMENT '折扣',
  PRIMARY KEY (`id`)
) ENGINE=InnoDB DEFAULT CHARSET=utf8;

/*Data for the table `ld_integral` */

insert  into `ld_integral`(`id`,`integral`,`name`,`create_time`,`discount`) values ('1',20,'普通会员','2018-03-21 14:38:06',0.95),('2f4b0c74-3167-43d5-92b1-cf23c4adcbf1',1000,'钻石会员','2018-03-21 16:09:44',0.8),('dc8aff24-d87f-4ac5-bbec-fc08f3ef4fe0',100,'高级会员','2018-03-21 16:08:52',0.7),('f60f9d8b-258b-4746-8458-e27d7d95276d',1111111,'无敌会员','2018-03-25 17:27:24',0.2);

/*Table structure for table `ld_laundry_type` */

DROP TABLE IF EXISTS `ld_laundry_type`;

CREATE TABLE `ld_laundry_type` (
  `id` varchar(64) NOT NULL,
  `Laundry_type` varchar(64) DEFAULT NULL,
  `price` decimal(10,2) DEFAULT NULL,
  `create_time` datetime DEFAULT NULL,
  PRIMARY KEY (`id`)
) ENGINE=InnoDB DEFAULT CHARSET=utf8;

/*Data for the table `ld_laundry_type` */

insert  into `ld_laundry_type`(`id`,`Laundry_type`,`price`,`create_time`) values ('1','普通',1.00,'2018-03-19 15:37:25'),('60755539-340d-4c95-a954-3ec781cc45bf','全身水洗',10.00,'2018-03-27 17:04:41'),('9428ee11-170d-445e-942c-28a17ac3ebfc','干洗',2.00,'2018-03-19 15:41:47'),('ddcb5311-4bd3-43dc-a171-8613bb417c8f','1',2.00,'2018-03-23 10:10:37');

/*Table structure for table `ld_order` */

DROP TABLE IF EXISTS `ld_order`;

CREATE TABLE `ld_order` (
  `id` varchar(64) NOT NULL,
  `client_id` varchar(64) DEFAULT NULL,
  `sum` int(11) DEFAULT '0' COMMENT '衣服数量',
  `estimated_time` datetime DEFAULT NULL,
  `price` decimal(10,2) DEFAULT '0.00',
  `create_time` datetime DEFAULT NULL,
  `real_price` decimal(10,2) DEFAULT NULL,
  `userName` varchar(255) DEFAULT NULL COMMENT '操作员',
  PRIMARY KEY (`id`)
) ENGINE=InnoDB DEFAULT CHARSET=utf8;

/*Data for the table `ld_order` */

insert  into `ld_order`(`id`,`client_id`,`sum`,`estimated_time`,`price`,`create_time`,`real_price`,`userName`) values ('0a9bf408-efad-46e2-b842-71dcb9b50993','15da2d0f-14f0-41f8-9f43-ada66d18923b',10,'2018-05-11 00:48:16',30.00,'2018-05-09 12:47:59',24.00,'123'),('1aa3746d-0f69-4be4-9754-1da95897cc98','15da2d0f-14f0-41f8-9f43-ada66d18923b',11,'2018-06-09 22:54:24',129.00,'2018-06-08 10:53:50',103.20,'dz'),('1be1a79a-72e8-45db-979e-4888d79d89ea','15da2d0f-14f0-41f8-9f43-ada66d18923b',4,'2018-06-09 11:02:38',34.00,'2018-06-08 11:02:14',27.20,'dz'),('1e97ef90-d302-45e7-82eb-bcb31b2332da','15da2d0f-14f0-41f8-9f43-ada66d18923b',10,'2018-06-09 22:58:05',30.00,'2018-06-08 10:57:55',24.00,'dz'),('26271400-d538-4a91-b576-37bbab70350b','15da2d0f-14f0-41f8-9f43-ada66d18923b',20,'2018-04-21 10:17:40',100.00,'2018-04-19 18:17:08',80.00,NULL),('3c243fe7-14f6-4404-9adb-2fa485045885','15da2d0f-14f0-41f8-9f43-ada66d18923b',15,'2018-05-27 22:08:50',150.00,'2018-05-26 10:06:58',120.00,'dz'),('4c8398f1-a47f-4d3d-957a-79fbbdac24d6','15da2d0f-14f0-41f8-9f43-ada66d18923b',10,'2018-05-06 10:00:07',30.00,'2018-05-05 13:59:44',24.00,NULL),('5031be5b-f377-49e0-8b71-98687f0c256b','15da2d0f-14f0-41f8-9f43-ada66d18923b',10,'2018-06-09 22:41:51',30.00,'2018-06-08 10:41:42',24.00,'dz'),('6510c4a3-3b0c-403a-8fe1-b49bca2b8e2e','15da2d0f-14f0-41f8-9f43-ada66d18923b',9,'2018-06-09 10:59:09',43.00,'2018-06-08 10:58:28',34.40,'dz'),('68c471e2-4699-4a00-bf84-f1afaa3714b8','15da2d0f-14f0-41f8-9f43-ada66d18923b',10,'2018-06-09 22:53:04',30.00,'2018-06-08 10:52:51',24.00,'dz'),('9aff089f-8b36-468e-9e83-56f5a1eedb79','15da2d0f-14f0-41f8-9f43-ada66d18923b',17,'2018-05-11 00:47:19',96.00,'2018-05-08 13:20:17',76.80,NULL),('a695ca1f-5a3b-488e-ab37-27ca537f6c83','15da2d0f-14f0-41f8-9f43-ada66d18923b',19,'2018-06-09 22:48:23',247.00,'2018-06-08 10:48:03',197.60,'dz'),('ac8553d1-0bc2-4971-acec-f08ac4ec221b','15da2d0f-14f0-41f8-9f43-ada66d18923b',0,'2018-05-30 19:03:20',0.00,'2018-05-29 19:03:17',0.00,'dz'),('b2d1ffa0-a414-4c64-b223-f6c72b0d006b','15da2d0f-14f0-41f8-9f43-ada66d18923b',10,'2018-06-09 23:01:48',30.00,'2018-06-08 11:01:40',24.00,'dz'),('ba8a8edc-52b9-49d9-b13c-1cdd7864dd40','15da2d0f-14f0-41f8-9f43-ada66d18923b',40,'2018-04-23 02:16:55',480.00,'2018-04-19 18:16:43',384.00,NULL),('c492eefa-bed0-47a5-aa4f-c27106b98583','15da2d0f-14f0-41f8-9f43-ada66d18923b',20,'2018-05-11 13:49:22',60.00,'2018-05-09 12:57:14',48.00,'123'),('c655ec75-25ca-4561-87c1-59e7d8b4fe7e','15da2d0f-14f0-41f8-9f43-ada66d18923b',12,'2018-04-20 18:19:15',129.00,'2018-04-19 18:18:40',103.20,NULL),('c70431a7-d2b6-4913-a0dd-1f900c8c1ab7','15da2d0f-14f0-41f8-9f43-ada66d18923b',7,'2018-06-09 10:50:13',28.00,'2018-06-08 10:49:09',22.40,'dz'),('d7a0b315-d2ea-4e5d-a047-1009388821f2','15da2d0f-14f0-41f8-9f43-ada66d18923b',5,'2018-05-27 10:03:38',15.00,'2018-05-26 10:03:13',12.00,'dz'),('f6bdf474-838f-4670-ba3f-0f8cecee3ee7','15da2d0f-14f0-41f8-9f43-ada66d18923b',10,NULL,40.00,'2018-05-09 12:52:48',NULL,NULL),('f94345b3-1aa7-4ab9-8e6f-d4afc91a9daa','15da2d0f-14f0-41f8-9f43-ada66d18923b',8,'2018-05-26 23:10:16',59.00,'2018-05-25 23:09:34',47.20,'dz');

/*Table structure for table `ld_order_info` */

DROP TABLE IF EXISTS `ld_order_info`;

CREATE TABLE `ld_order_info` (
  `id` varchar(64) NOT NULL,
  `order_id` varchar(64) DEFAULT NULL,
  `clothestype_id` varchar(64) DEFAULT NULL,
  `laundeytype_id` varchar(64) DEFAULT NULL,
  `create_time` datetime DEFAULT NULL,
  `state` int(11) DEFAULT '0' COMMENT '0未完成 1已完成',
  PRIMARY KEY (`id`),
  KEY `clothestype_id` (`clothestype_id`),
  KEY `laundeytype_id` (`laundeytype_id`)
) ENGINE=InnoDB DEFAULT CHARSET=utf8;

/*Data for the table `ld_order_info` */

insert  into `ld_order_info`(`id`,`order_id`,`clothestype_id`,`laundeytype_id`,`create_time`,`state`) values ('002f8883-bdc0-405b-a6d8-03364b43752a','a695ca1f-5a3b-488e-ab37-27ca537f6c83','6bc8d71f-1317-46c1-932d-66524cac46f5','60755539-340d-4c95-a954-3ec781cc45bf','2018-06-08 10:48:16',1),('01eb5207-33c3-4148-9e24-ea628cf8d9e3','26271400-d538-4a91-b576-37bbab70350b','8f0973c6-dd14-4ef8-96cd-94634ced62b9','9428ee11-170d-445e-942c-28a17ac3ebfc','2018-04-19 18:17:16',0),('02a07afa-45f3-41b9-b4c2-786fc92ae2c8','5031be5b-f377-49e0-8b71-98687f0c256b','469673b6-aef5-4638-b41f-4450e3772228','1','2018-06-08 10:41:50',0),('040ad65d-491f-4699-9ea6-656b598b25c9','b2d1ffa0-a414-4c64-b223-f6c72b0d006b','098a2a14-d251-46d7-a652-2e521406c6e7','1','2018-06-08 11:01:47',1),('046b621d-220e-4781-a71d-932f819a018b','f94345b3-1aa7-4ab9-8e6f-d4afc91a9daa','098a2a14-d251-46d7-a652-2e521406c6e7','9428ee11-170d-445e-942c-28a17ac3ebfc','2018-05-25 23:09:43',1),('04c9fd9a-bc5a-49a4-904e-a97346144d54','26271400-d538-4a91-b576-37bbab70350b','8f0973c6-dd14-4ef8-96cd-94634ced62b9','9428ee11-170d-445e-942c-28a17ac3ebfc','2018-04-19 18:17:16',0),('04e1f5e6-aa64-4c2f-b386-a86f5f5ed0bc','ba8a8edc-52b9-49d9-b13c-1cdd7864dd40','098a2a14-d251-46d7-a652-2e521406c6e7','60755539-340d-4c95-a954-3ec781cc45bf','2018-04-19 18:16:52',0),('04fb3114-4cd6-47cf-91a0-0008f5fc7704','6510c4a3-3b0c-403a-8fe1-b49bca2b8e2e','8f0973c6-dd14-4ef8-96cd-94634ced62b9','60755539-340d-4c95-a954-3ec781cc45bf','2018-06-08 10:58:40',0),('0518e82f-db5c-40e8-a20b-fc4ddad84418','ba8a8edc-52b9-49d9-b13c-1cdd7864dd40','098a2a14-d251-46d7-a652-2e521406c6e7','60755539-340d-4c95-a954-3ec781cc45bf','2018-04-19 18:16:52',0),('052d2530-5b05-4520-bf7e-fb19d5247880','3c243fe7-14f6-4404-9adb-2fa485045885','6bc8d71f-1317-46c1-932d-66524cac46f5','9428ee11-170d-445e-942c-28a17ac3ebfc','2018-05-26 10:07:12',0),('065c2b40-4065-453e-aebb-66c886a1d795','0a9bf408-efad-46e2-b842-71dcb9b50993','098a2a14-d251-46d7-a652-2e521406c6e7','1','2018-05-09 12:48:09',0),('0703a141-f5ac-4835-8e6d-d4c205bf991d','c655ec75-25ca-4561-87c1-59e7d8b4fe7e','8f0973c6-dd14-4ef8-96cd-94634ced62b9','1','2018-04-19 18:18:57',0),('07580c16-cf9b-479a-857d-6458866d7ca0','6510c4a3-3b0c-403a-8fe1-b49bca2b8e2e','6bc8d71f-1317-46c1-932d-66524cac46f5','9428ee11-170d-445e-942c-28a17ac3ebfc','2018-06-08 10:58:41',0),('07ca301a-dbb8-48d4-b0b1-8c995a6465dc','26271400-d538-4a91-b576-37bbab70350b','8f0973c6-dd14-4ef8-96cd-94634ced62b9','9428ee11-170d-445e-942c-28a17ac3ebfc','2018-04-19 18:17:16',0),('08865c28-97d3-4678-901e-75d811c136b9','c492eefa-bed0-47a5-aa4f-c27106b98583','098a2a14-d251-46d7-a652-2e521406c6e7','1','2018-05-09 12:57:18',0),('08d93d95-8cda-4570-862e-51170f2d9156','c655ec75-25ca-4561-87c1-59e7d8b4fe7e','6bc8d71f-1317-46c1-932d-66524cac46f5','60755539-340d-4c95-a954-3ec781cc45bf','2018-04-19 18:18:57',0),('0909f6a5-a3c4-4f34-b935-05b7a37f478a','ba8a8edc-52b9-49d9-b13c-1cdd7864dd40','098a2a14-d251-46d7-a652-2e521406c6e7','60755539-340d-4c95-a954-3ec781cc45bf','2018-04-19 18:16:52',0),('096a702c-1e9a-4131-9d8b-fa5e15abb06e','3c243fe7-14f6-4404-9adb-2fa485045885','6bc8d71f-1317-46c1-932d-66524cac46f5','9428ee11-170d-445e-942c-28a17ac3ebfc','2018-05-26 10:07:12',0),('0a364106-bb7f-4592-8154-10d68cdbfa45','ba8a8edc-52b9-49d9-b13c-1cdd7864dd40','098a2a14-d251-46d7-a652-2e521406c6e7','60755539-340d-4c95-a954-3ec781cc45bf','2018-04-19 18:16:52',0),('0b5e4673-dc66-4beb-b6dd-9ad13333d0b4','3c243fe7-14f6-4404-9adb-2fa485045885','6bc8d71f-1317-46c1-932d-66524cac46f5','60755539-340d-4c95-a954-3ec781cc45bf','2018-05-26 10:07:12',0),('0bb8a5d9-1d00-4330-b2f0-6c5059453538','b2d1ffa0-a414-4c64-b223-f6c72b0d006b','098a2a14-d251-46d7-a652-2e521406c6e7','1','2018-06-08 11:01:47',1),('0bc9aa6e-07aa-4916-b7dc-585ecf55a1c3','26271400-d538-4a91-b576-37bbab70350b','8f0973c6-dd14-4ef8-96cd-94634ced62b9','9428ee11-170d-445e-942c-28a17ac3ebfc','2018-04-19 18:17:16',0),('0c325eb9-b097-4ae8-af3d-f2a85c3c398b','0a9bf408-efad-46e2-b842-71dcb9b50993','098a2a14-d251-46d7-a652-2e521406c6e7','1','2018-05-09 12:48:09',0),('0cb211d1-0b9c-43c9-820b-196e52cc244c','a695ca1f-5a3b-488e-ab37-27ca537f6c83','6bc8d71f-1317-46c1-932d-66524cac46f5','60755539-340d-4c95-a954-3ec781cc45bf','2018-06-08 10:48:16',1),('0d0f885a-6f95-48f8-ab73-9bf48f1fd4df','1e97ef90-d302-45e7-82eb-bcb31b2332da','098a2a14-d251-46d7-a652-2e521406c6e7','1','2018-06-08 10:58:01',1),('0dcf06d6-d924-4f0d-a674-42b9b5126134','ba8a8edc-52b9-49d9-b13c-1cdd7864dd40','098a2a14-d251-46d7-a652-2e521406c6e7','60755539-340d-4c95-a954-3ec781cc45bf','2018-04-19 18:16:54',0),('0edb4b21-2dbd-4cd9-b33b-20a54589cf1b','ba8a8edc-52b9-49d9-b13c-1cdd7864dd40','098a2a14-d251-46d7-a652-2e521406c6e7','60755539-340d-4c95-a954-3ec781cc45bf','2018-04-19 18:16:54',0),('0f14c92f-db71-4c89-8183-d3003c80aea4','ba8a8edc-52b9-49d9-b13c-1cdd7864dd40','098a2a14-d251-46d7-a652-2e521406c6e7','60755539-340d-4c95-a954-3ec781cc45bf','2018-04-19 18:16:54',0),('110c33f4-6c69-4bc6-ba35-dd23a531f665','b2d1ffa0-a414-4c64-b223-f6c72b0d006b','098a2a14-d251-46d7-a652-2e521406c6e7','1','2018-06-08 11:01:47',1),('12f74dcf-c6da-436f-a9b4-3466fb013993','9aff089f-8b36-468e-9e83-56f5a1eedb79','6bc8d71f-1317-46c1-932d-66524cac46f5','9428ee11-170d-445e-942c-28a17ac3ebfc','2018-05-08 13:20:52',1),('142316b3-d22c-4979-9ab3-58a2eb57ff49','c492eefa-bed0-47a5-aa4f-c27106b98583','098a2a14-d251-46d7-a652-2e521406c6e7','1','2018-05-09 12:57:18',0),('15bf66df-48fe-47f0-9d2d-08ffa82aa4e6','ba8a8edc-52b9-49d9-b13c-1cdd7864dd40','098a2a14-d251-46d7-a652-2e521406c6e7','60755539-340d-4c95-a954-3ec781cc45bf','2018-04-19 18:16:54',0),('199707b1-57b8-4a4d-9a90-78d7a6989f81','b2d1ffa0-a414-4c64-b223-f6c72b0d006b','098a2a14-d251-46d7-a652-2e521406c6e7','1','2018-06-08 11:01:47',1),('1a9e8fe5-5166-4453-b1dc-2f4ca9c26275','c655ec75-25ca-4561-87c1-59e7d8b4fe7e','6bc8d71f-1317-46c1-932d-66524cac46f5','60755539-340d-4c95-a954-3ec781cc45bf','2018-04-19 18:18:57',0),('1abed7f6-cf28-4081-b7dc-4997e3a30fc3','f6bdf474-838f-4670-ba3f-0f8cecee3ee7','098a2a14-d251-46d7-a652-2e521406c6e7','9428ee11-170d-445e-942c-28a17ac3ebfc','2018-05-09 12:52:52',0),('1b110744-0476-41b0-82fa-1eba1ec20099','26271400-d538-4a91-b576-37bbab70350b','8f0973c6-dd14-4ef8-96cd-94634ced62b9','9428ee11-170d-445e-942c-28a17ac3ebfc','2018-04-19 18:17:16',0),('1b16aa32-19ab-47c4-8891-eb37d483a4c4','68c471e2-4699-4a00-bf84-f1afaa3714b8','098a2a14-d251-46d7-a652-2e521406c6e7','1','2018-06-08 10:52:59',1),('1ce99e7d-a794-4405-ab78-27d6113cfa06','ba8a8edc-52b9-49d9-b13c-1cdd7864dd40','098a2a14-d251-46d7-a652-2e521406c6e7','60755539-340d-4c95-a954-3ec781cc45bf','2018-04-19 18:16:54',0),('1d61c36d-cb50-452c-84f3-9297df2dcc5d','9aff089f-8b36-468e-9e83-56f5a1eedb79','6bc8d71f-1317-46c1-932d-66524cac46f5','9428ee11-170d-445e-942c-28a17ac3ebfc','2018-05-08 13:20:52',1),('1d746720-abd0-460a-bceb-c57ceeb74ced','9aff089f-8b36-468e-9e83-56f5a1eedb79','6bc8d71f-1317-46c1-932d-66524cac46f5','9428ee11-170d-445e-942c-28a17ac3ebfc','2018-05-08 13:20:52',1),('1da8b406-aede-4139-9d44-16e39b1668fb','4c8398f1-a47f-4d3d-957a-79fbbdac24d6','098a2a14-d251-46d7-a652-2e521406c6e7','1','2018-05-05 14:00:04',0),('1eb4eb53-c59a-42b8-bd08-6e995d3b7013','c492eefa-bed0-47a5-aa4f-c27106b98583','098a2a14-d251-46d7-a652-2e521406c6e7','1','2018-05-09 12:57:18',0),('1ee29522-73a4-4152-b113-81a5255cb8ee','c70431a7-d2b6-4913-a0dd-1f900c8c1ab7','469673b6-aef5-4638-b41f-4450e3772228','9428ee11-170d-445e-942c-28a17ac3ebfc','2018-06-08 10:49:27',0),('208f3e76-f883-4d6a-b040-99f1e881c398','9aff089f-8b36-468e-9e83-56f5a1eedb79','6bc8d71f-1317-46c1-932d-66524cac46f5','9428ee11-170d-445e-942c-28a17ac3ebfc','2018-05-08 13:20:52',1),('2184f4f3-b7c2-4fe6-b7ab-806dd21d619f','ba8a8edc-52b9-49d9-b13c-1cdd7864dd40','098a2a14-d251-46d7-a652-2e521406c6e7','60755539-340d-4c95-a954-3ec781cc45bf','2018-04-19 18:16:52',0),('24562184-1e7f-4e24-b9a7-d4bd4268a337','f6bdf474-838f-4670-ba3f-0f8cecee3ee7','098a2a14-d251-46d7-a652-2e521406c6e7','9428ee11-170d-445e-942c-28a17ac3ebfc','2018-05-09 12:52:52',0),('26d2a206-99b9-4423-8697-d9d049beaff3','0a9bf408-efad-46e2-b842-71dcb9b50993','098a2a14-d251-46d7-a652-2e521406c6e7','1','2018-05-09 12:48:09',0),('2719a7d6-00f2-42f1-b853-6d9f97cb467d','b2d1ffa0-a414-4c64-b223-f6c72b0d006b','098a2a14-d251-46d7-a652-2e521406c6e7','1','2018-06-08 11:01:47',1),('2858979d-0dd7-4de0-9608-59266f1226ac','c492eefa-bed0-47a5-aa4f-c27106b98583','098a2a14-d251-46d7-a652-2e521406c6e7','1','2018-05-09 12:57:18',0),('2ab4017a-32e7-4f23-8a55-a48554366547','1e97ef90-d302-45e7-82eb-bcb31b2332da','098a2a14-d251-46d7-a652-2e521406c6e7','1','2018-06-08 10:58:01',1),('2c870706-0498-443f-ba56-368b3cca7cf4','a695ca1f-5a3b-488e-ab37-27ca537f6c83','6bc8d71f-1317-46c1-932d-66524cac46f5','60755539-340d-4c95-a954-3ec781cc45bf','2018-06-08 10:48:16',1),('2cc97f2a-4d77-472d-b9a6-7ff221c749eb','ba8a8edc-52b9-49d9-b13c-1cdd7864dd40','098a2a14-d251-46d7-a652-2e521406c6e7','60755539-340d-4c95-a954-3ec781cc45bf','2018-04-19 18:16:54',0),('303affab-8e55-45cd-aa19-2b0f50ace331','1aa3746d-0f69-4be4-9754-1da95897cc98','8f0973c6-dd14-4ef8-96cd-94634ced62b9','9428ee11-170d-445e-942c-28a17ac3ebfc','2018-06-08 10:54:05',0),('304037bd-2ac4-47cd-92e4-74ec2bc70a53','ba8a8edc-52b9-49d9-b13c-1cdd7864dd40','098a2a14-d251-46d7-a652-2e521406c6e7','60755539-340d-4c95-a954-3ec781cc45bf','2018-04-19 18:16:52',0),('33d3ca79-d307-4559-b5be-7409a0b35347','6510c4a3-3b0c-403a-8fe1-b49bca2b8e2e','6bc8d71f-1317-46c1-932d-66524cac46f5','9428ee11-170d-445e-942c-28a17ac3ebfc','2018-06-08 10:58:40',0),('3489d50c-ce24-4b0f-9b94-410bafda423c','f94345b3-1aa7-4ab9-8e6f-d4afc91a9daa','8f0973c6-dd14-4ef8-96cd-94634ced62b9','60755539-340d-4c95-a954-3ec781cc45bf','2018-05-25 23:09:43',1),('34a99c9f-4d1e-4a04-a6c8-5c04b20a49d3','c655ec75-25ca-4561-87c1-59e7d8b4fe7e','6bc8d71f-1317-46c1-932d-66524cac46f5','60755539-340d-4c95-a954-3ec781cc45bf','2018-04-19 18:18:57',0),('38670242-8fdb-4130-8cb6-6c9a815f4782','3c243fe7-14f6-4404-9adb-2fa485045885','6bc8d71f-1317-46c1-932d-66524cac46f5','9428ee11-170d-445e-942c-28a17ac3ebfc','2018-05-26 10:07:12',0),('3bc94e61-3461-44ef-9f2a-01a4d06f6b13','1aa3746d-0f69-4be4-9754-1da95897cc98','6bc8d71f-1317-46c1-932d-66524cac46f5','60755539-340d-4c95-a954-3ec781cc45bf','2018-06-08 10:54:05',0),('3c925a9b-faf6-43c8-9927-4f6f9d3c220f','1e97ef90-d302-45e7-82eb-bcb31b2332da','098a2a14-d251-46d7-a652-2e521406c6e7','1','2018-06-08 10:58:01',1),('3f67e3ee-1b5f-46fb-9a7c-be2eaece297e','26271400-d538-4a91-b576-37bbab70350b','8f0973c6-dd14-4ef8-96cd-94634ced62b9','9428ee11-170d-445e-942c-28a17ac3ebfc','2018-04-19 18:17:16',0),('404cc58e-edf4-464e-b442-cede225774a4','ba8a8edc-52b9-49d9-b13c-1cdd7864dd40','098a2a14-d251-46d7-a652-2e521406c6e7','60755539-340d-4c95-a954-3ec781cc45bf','2018-04-19 18:16:52',0),('410e5fbb-fa0c-4f36-ab1a-77b780ad4b66','c492eefa-bed0-47a5-aa4f-c27106b98583','098a2a14-d251-46d7-a652-2e521406c6e7','1','2018-05-09 12:57:18',0),('4126689e-3cbe-49ec-af28-9fb0cd60316e','68c471e2-4699-4a00-bf84-f1afaa3714b8','098a2a14-d251-46d7-a652-2e521406c6e7','1','2018-06-08 10:52:59',1),('4176f65f-ba0b-423b-bfc1-9b00934b3930','0a9bf408-efad-46e2-b842-71dcb9b50993','098a2a14-d251-46d7-a652-2e521406c6e7','1','2018-05-09 12:48:09',0),('41870844-4bd5-466e-a895-b6d607076683','5031be5b-f377-49e0-8b71-98687f0c256b','469673b6-aef5-4638-b41f-4450e3772228','1','2018-06-08 10:41:50',0),('418f4d12-1f56-4988-9d9f-111d792afacf','a695ca1f-5a3b-488e-ab37-27ca537f6c83','6bc8d71f-1317-46c1-932d-66524cac46f5','60755539-340d-4c95-a954-3ec781cc45bf','2018-06-08 10:48:16',1),('41eefa37-33a9-4f92-b603-395743e04f00','ba8a8edc-52b9-49d9-b13c-1cdd7864dd40','098a2a14-d251-46d7-a652-2e521406c6e7','60755539-340d-4c95-a954-3ec781cc45bf','2018-04-19 18:16:54',0),('422dbeb9-6f40-4c04-b8d1-ffe58afc2455','68c471e2-4699-4a00-bf84-f1afaa3714b8','098a2a14-d251-46d7-a652-2e521406c6e7','1','2018-06-08 10:52:59',1),('451b8dac-5f41-4973-9dc6-2e5222758597','f6bdf474-838f-4670-ba3f-0f8cecee3ee7','098a2a14-d251-46d7-a652-2e521406c6e7','9428ee11-170d-445e-942c-28a17ac3ebfc','2018-05-09 12:52:52',0),('4680d071-685d-4823-b5ad-584f88f88777','26271400-d538-4a91-b576-37bbab70350b','8f0973c6-dd14-4ef8-96cd-94634ced62b9','9428ee11-170d-445e-942c-28a17ac3ebfc','2018-04-19 18:17:16',0),('485f4bd4-3f75-49aa-b5ea-bd51550c155f','ba8a8edc-52b9-49d9-b13c-1cdd7864dd40','098a2a14-d251-46d7-a652-2e521406c6e7','60755539-340d-4c95-a954-3ec781cc45bf','2018-04-19 18:16:54',0),('4884b7df-f1dd-4f12-9bd5-efff39d0ee56','c492eefa-bed0-47a5-aa4f-c27106b98583','098a2a14-d251-46d7-a652-2e521406c6e7','1','2018-05-09 12:57:18',0),('48c48032-f5e0-4912-9c0b-efd11577f136','26271400-d538-4a91-b576-37bbab70350b','8f0973c6-dd14-4ef8-96cd-94634ced62b9','9428ee11-170d-445e-942c-28a17ac3ebfc','2018-04-19 18:17:16',0),('492ec584-45aa-4934-8c75-40417a9bd576','26271400-d538-4a91-b576-37bbab70350b','8f0973c6-dd14-4ef8-96cd-94634ced62b9','9428ee11-170d-445e-942c-28a17ac3ebfc','2018-04-19 18:17:16',0),('49688950-a978-4fb4-b070-c3706eb254e5','a695ca1f-5a3b-488e-ab37-27ca537f6c83','6bc8d71f-1317-46c1-932d-66524cac46f5','60755539-340d-4c95-a954-3ec781cc45bf','2018-06-08 10:48:16',1),('49c4ce68-fef0-431a-877f-28ed95752267','4c8398f1-a47f-4d3d-957a-79fbbdac24d6','098a2a14-d251-46d7-a652-2e521406c6e7','1','2018-05-05 14:00:04',0),('4b17fc2b-38f1-4626-8ed7-0758720436e1','3c243fe7-14f6-4404-9adb-2fa485045885','acc0e8c8-58a8-490f-ac7e-8ca8d63c3ee7','60755539-340d-4c95-a954-3ec781cc45bf','2018-05-26 10:07:12',0),('4b18c3ce-7b99-42cc-abfb-c02e20f983b9','1aa3746d-0f69-4be4-9754-1da95897cc98','098a2a14-d251-46d7-a652-2e521406c6e7','60755539-340d-4c95-a954-3ec781cc45bf','2018-06-08 10:54:05',0),('4bbea2af-2cb3-43c2-9d70-5d16065396bf','9aff089f-8b36-468e-9e83-56f5a1eedb79','098a2a14-d251-46d7-a652-2e521406c6e7','1','2018-05-08 13:20:32',1),('4c2fe352-f5cd-4829-8ef8-3c749ce8faff','ba8a8edc-52b9-49d9-b13c-1cdd7864dd40','098a2a14-d251-46d7-a652-2e521406c6e7','60755539-340d-4c95-a954-3ec781cc45bf','2018-04-19 18:16:54',0),('4c55f8d6-87ba-4dc0-a9b8-23b7eb2379b8','b2d1ffa0-a414-4c64-b223-f6c72b0d006b','098a2a14-d251-46d7-a652-2e521406c6e7','1','2018-06-08 11:01:47',1),('4ca2748b-47c1-4116-bffc-d6c0fbe9d16b','0a9bf408-efad-46e2-b842-71dcb9b50993','098a2a14-d251-46d7-a652-2e521406c6e7','1','2018-05-09 12:48:09',0),('4d865a39-be3c-4270-859d-7505330011be','f6bdf474-838f-4670-ba3f-0f8cecee3ee7','098a2a14-d251-46d7-a652-2e521406c6e7','9428ee11-170d-445e-942c-28a17ac3ebfc','2018-05-09 12:52:52',0),('4e7b6dee-59dd-4b4c-a7a4-fd8f490a0fb5','26271400-d538-4a91-b576-37bbab70350b','8f0973c6-dd14-4ef8-96cd-94634ced62b9','9428ee11-170d-445e-942c-28a17ac3ebfc','2018-04-19 18:17:16',0),('4f6a7b9a-7d74-4a5f-87d9-3932c5cfc750','a695ca1f-5a3b-488e-ab37-27ca537f6c83','6bc8d71f-1317-46c1-932d-66524cac46f5','60755539-340d-4c95-a954-3ec781cc45bf','2018-06-08 10:48:16',1),('4fa983be-ee56-4464-abf3-eee41a55412b','b2d1ffa0-a414-4c64-b223-f6c72b0d006b','098a2a14-d251-46d7-a652-2e521406c6e7','1','2018-06-08 11:01:47',1),('52b9398d-4164-45a2-8d3d-46ddd84af0c1','d7a0b315-d2ea-4e5d-a047-1009388821f2','098a2a14-d251-46d7-a652-2e521406c6e7','1','2018-05-26 10:03:35',1),('52dc6066-f129-4c3b-b2c7-f10a2c4cff51','ba8a8edc-52b9-49d9-b13c-1cdd7864dd40','098a2a14-d251-46d7-a652-2e521406c6e7','60755539-340d-4c95-a954-3ec781cc45bf','2018-04-19 18:16:52',0),('5359bed8-a44c-4d1d-8298-cb4190f13840','4c8398f1-a47f-4d3d-957a-79fbbdac24d6','098a2a14-d251-46d7-a652-2e521406c6e7','1','2018-05-05 14:00:04',0),('5406c1dc-d14c-4e1f-ad62-a87dc2a8178f','c655ec75-25ca-4561-87c1-59e7d8b4fe7e','8f0973c6-dd14-4ef8-96cd-94634ced62b9','1','2018-04-19 18:18:57',0),('54b6d075-3d20-4477-91a7-dbe5e1fa50f5','5031be5b-f377-49e0-8b71-98687f0c256b','469673b6-aef5-4638-b41f-4450e3772228','1','2018-06-08 10:41:50',0),('558fcd54-b9b9-49f6-8dea-99df61e5dd90','26271400-d538-4a91-b576-37bbab70350b','8f0973c6-dd14-4ef8-96cd-94634ced62b9','9428ee11-170d-445e-942c-28a17ac3ebfc','2018-04-19 18:17:16',0),('55ba7383-4522-4efb-8093-d936c46d6fa6','f6bdf474-838f-4670-ba3f-0f8cecee3ee7','098a2a14-d251-46d7-a652-2e521406c6e7','9428ee11-170d-445e-942c-28a17ac3ebfc','2018-05-09 12:52:52',0),('55efd8f9-158f-474f-8b2d-d2827c9f71b5','c492eefa-bed0-47a5-aa4f-c27106b98583','098a2a14-d251-46d7-a652-2e521406c6e7','1','2018-05-09 12:57:18',0),('56b85f6f-87aa-4f4f-9c8b-6d5539a27b7b','1aa3746d-0f69-4be4-9754-1da95897cc98','6bc8d71f-1317-46c1-932d-66524cac46f5','60755539-340d-4c95-a954-3ec781cc45bf','2018-06-08 10:54:05',0),('5863c793-f05a-4e32-89ed-0cc7effd42ed','0a9bf408-efad-46e2-b842-71dcb9b50993','098a2a14-d251-46d7-a652-2e521406c6e7','1','2018-05-09 12:48:09',0),('59463a7c-0aaa-4cdd-8792-daa7158c845b','0a9bf408-efad-46e2-b842-71dcb9b50993','098a2a14-d251-46d7-a652-2e521406c6e7','1','2018-05-09 12:48:09',0),('5b7e50e5-7c0d-4795-a8a9-24ab1aaeae1b','f94345b3-1aa7-4ab9-8e6f-d4afc91a9daa','098a2a14-d251-46d7-a652-2e521406c6e7','9428ee11-170d-445e-942c-28a17ac3ebfc','2018-05-25 23:09:42',1),('5b96608b-8715-48ab-9884-6b393e0e7be2','b2d1ffa0-a414-4c64-b223-f6c72b0d006b','098a2a14-d251-46d7-a652-2e521406c6e7','1','2018-06-08 11:01:47',1),('5bcf2126-a105-4ca1-99e9-dd5738191b0d','1aa3746d-0f69-4be4-9754-1da95897cc98','098a2a14-d251-46d7-a652-2e521406c6e7','60755539-340d-4c95-a954-3ec781cc45bf','2018-06-08 10:54:05',0),('5c88f5ef-db8c-4ef8-b257-1e6fe5f82697','f6bdf474-838f-4670-ba3f-0f8cecee3ee7','098a2a14-d251-46d7-a652-2e521406c6e7','9428ee11-170d-445e-942c-28a17ac3ebfc','2018-05-09 12:52:52',0),('5ca3e950-134b-4364-9566-3363d5e4477f','c492eefa-bed0-47a5-aa4f-c27106b98583','098a2a14-d251-46d7-a652-2e521406c6e7','1','2018-05-09 12:57:18',0),('5ee974be-a7db-4ba9-a61c-b63a4c680c2b','c492eefa-bed0-47a5-aa4f-c27106b98583','098a2a14-d251-46d7-a652-2e521406c6e7','1','2018-05-09 12:57:18',0),('60c928d2-92eb-4c3d-aed6-b7f6775cb88c','5031be5b-f377-49e0-8b71-98687f0c256b','469673b6-aef5-4638-b41f-4450e3772228','1','2018-06-08 10:41:50',0),('6103395a-e6b1-4202-9d2c-be67e2daa147','ba8a8edc-52b9-49d9-b13c-1cdd7864dd40','098a2a14-d251-46d7-a652-2e521406c6e7','60755539-340d-4c95-a954-3ec781cc45bf','2018-04-19 18:16:54',0),('61fbe846-83e4-4908-8928-62f3030791a7','c70431a7-d2b6-4913-a0dd-1f900c8c1ab7','098a2a14-d251-46d7-a652-2e521406c6e7','9428ee11-170d-445e-942c-28a17ac3ebfc','2018-06-08 10:49:27',0),('620dd31a-d91c-466c-a207-77b4f2293188','f6bdf474-838f-4670-ba3f-0f8cecee3ee7','098a2a14-d251-46d7-a652-2e521406c6e7','9428ee11-170d-445e-942c-28a17ac3ebfc','2018-05-09 12:52:52',0),('629c286e-1146-459d-8f58-8d14b788d48f','26271400-d538-4a91-b576-37bbab70350b','8f0973c6-dd14-4ef8-96cd-94634ced62b9','9428ee11-170d-445e-942c-28a17ac3ebfc','2018-04-19 18:17:16',0),('634e7ad7-642d-4fcd-bda9-51b3d644b366','1e97ef90-d302-45e7-82eb-bcb31b2332da','098a2a14-d251-46d7-a652-2e521406c6e7','1','2018-06-08 10:58:01',1),('637c71e7-c294-4c04-b958-870e712c1e0a','c655ec75-25ca-4561-87c1-59e7d8b4fe7e','6bc8d71f-1317-46c1-932d-66524cac46f5','60755539-340d-4c95-a954-3ec781cc45bf','2018-04-19 18:18:57',0),('63ce7a48-81a4-431d-b6b2-fae82a2ea05e','1aa3746d-0f69-4be4-9754-1da95897cc98','098a2a14-d251-46d7-a652-2e521406c6e7','60755539-340d-4c95-a954-3ec781cc45bf','2018-06-08 10:54:05',0),('63d23b63-d98b-4401-8d97-0a486106efdd','a695ca1f-5a3b-488e-ab37-27ca537f6c83','6bc8d71f-1317-46c1-932d-66524cac46f5','60755539-340d-4c95-a954-3ec781cc45bf','2018-06-08 10:48:16',1),('655e567f-e3d4-4ee0-97e4-9f9b385367d0','1aa3746d-0f69-4be4-9754-1da95897cc98','6bc8d71f-1317-46c1-932d-66524cac46f5','60755539-340d-4c95-a954-3ec781cc45bf','2018-06-08 10:54:05',0),('658cd782-a6c0-4b32-abaa-6aedf3924112','c655ec75-25ca-4561-87c1-59e7d8b4fe7e','6bc8d71f-1317-46c1-932d-66524cac46f5','60755539-340d-4c95-a954-3ec781cc45bf','2018-04-19 18:18:57',0),('6804ae39-b4e5-420d-987e-3625aea24b68','b2d1ffa0-a414-4c64-b223-f6c72b0d006b','098a2a14-d251-46d7-a652-2e521406c6e7','1','2018-06-08 11:01:47',1),('68af7708-71a4-454f-9908-4c16600ad7f3','ba8a8edc-52b9-49d9-b13c-1cdd7864dd40','098a2a14-d251-46d7-a652-2e521406c6e7','60755539-340d-4c95-a954-3ec781cc45bf','2018-04-19 18:16:52',0),('693b97b4-c7b3-4ff0-b672-88253aa9fcd9','1e97ef90-d302-45e7-82eb-bcb31b2332da','098a2a14-d251-46d7-a652-2e521406c6e7','1','2018-06-08 10:58:01',1),('6d592e98-d36a-4b49-a69d-4e6b2440df73','c655ec75-25ca-4561-87c1-59e7d8b4fe7e','6bc8d71f-1317-46c1-932d-66524cac46f5','60755539-340d-4c95-a954-3ec781cc45bf','2018-04-19 18:18:57',0),('6f3cea88-a249-4b5f-8c79-a232fa568496','d7a0b315-d2ea-4e5d-a047-1009388821f2','098a2a14-d251-46d7-a652-2e521406c6e7','1','2018-05-26 10:03:35',1),('710f947b-03bb-4c7c-b75e-fe0f00ad9b56','c70431a7-d2b6-4913-a0dd-1f900c8c1ab7','098a2a14-d251-46d7-a652-2e521406c6e7','9428ee11-170d-445e-942c-28a17ac3ebfc','2018-06-08 10:49:27',0),('722d5614-b799-4b92-ac2a-cb74e66e3493','6510c4a3-3b0c-403a-8fe1-b49bca2b8e2e','098a2a14-d251-46d7-a652-2e521406c6e7','1','2018-06-08 10:58:41',0),('72a29d6d-69b5-448e-872f-c1d5c1905d39','c492eefa-bed0-47a5-aa4f-c27106b98583','098a2a14-d251-46d7-a652-2e521406c6e7','1','2018-05-09 12:57:18',0),('738c4413-0722-4f68-abb1-03f4a8af7fc2','1be1a79a-72e8-45db-979e-4888d79d89ea','6bc8d71f-1317-46c1-932d-66524cac46f5','60755539-340d-4c95-a954-3ec781cc45bf','2018-06-08 11:02:22',0),('77aa019f-cb25-4795-bb76-0ef9d5f0b422','26271400-d538-4a91-b576-37bbab70350b','8f0973c6-dd14-4ef8-96cd-94634ced62b9','9428ee11-170d-445e-942c-28a17ac3ebfc','2018-04-19 18:17:16',0),('77d6af41-1cf2-4f4d-acc9-08f50329c713','68c471e2-4699-4a00-bf84-f1afaa3714b8','098a2a14-d251-46d7-a652-2e521406c6e7','1','2018-06-08 10:52:59',1),('783bcac6-77eb-4085-93bc-a8fc3f687224','f6bdf474-838f-4670-ba3f-0f8cecee3ee7','098a2a14-d251-46d7-a652-2e521406c6e7','9428ee11-170d-445e-942c-28a17ac3ebfc','2018-05-09 12:52:52',0),('7a372625-d46f-4b71-9121-cfa8c1aa17c7','ba8a8edc-52b9-49d9-b13c-1cdd7864dd40','098a2a14-d251-46d7-a652-2e521406c6e7','60755539-340d-4c95-a954-3ec781cc45bf','2018-04-19 18:16:54',0),('7b5af1ee-d7fc-425c-a068-1f3c8a4ed612','c492eefa-bed0-47a5-aa4f-c27106b98583','098a2a14-d251-46d7-a652-2e521406c6e7','1','2018-05-09 12:57:18',0),('7c82c9ff-22a3-479f-941b-e8b2a5c3cecb','c492eefa-bed0-47a5-aa4f-c27106b98583','098a2a14-d251-46d7-a652-2e521406c6e7','1','2018-05-09 12:57:18',0),('7d9eba43-2feb-4a62-84f5-f99c2e14d475','26271400-d538-4a91-b576-37bbab70350b','8f0973c6-dd14-4ef8-96cd-94634ced62b9','9428ee11-170d-445e-942c-28a17ac3ebfc','2018-04-19 18:17:16',0),('7daa91d1-c0f2-4527-a5d0-ce0502fa7338','c655ec75-25ca-4561-87c1-59e7d8b4fe7e','6bc8d71f-1317-46c1-932d-66524cac46f5','60755539-340d-4c95-a954-3ec781cc45bf','2018-04-19 18:18:57',0),('804d0bba-b836-4e1c-a8dd-3ec85ad75659','6510c4a3-3b0c-403a-8fe1-b49bca2b8e2e','098a2a14-d251-46d7-a652-2e521406c6e7','1','2018-06-08 10:58:41',0),('84240fc5-1d02-4b56-bb9f-a4e244abb848','0a9bf408-efad-46e2-b842-71dcb9b50993','098a2a14-d251-46d7-a652-2e521406c6e7','1','2018-05-09 12:48:09',0),('84251d8c-9a67-4116-9ea1-12920d2a2e15','6510c4a3-3b0c-403a-8fe1-b49bca2b8e2e','6bc8d71f-1317-46c1-932d-66524cac46f5','9428ee11-170d-445e-942c-28a17ac3ebfc','2018-06-08 10:58:40',0),('84714df6-3524-464d-a0e7-9d056713d123','ba8a8edc-52b9-49d9-b13c-1cdd7864dd40','098a2a14-d251-46d7-a652-2e521406c6e7','60755539-340d-4c95-a954-3ec781cc45bf','2018-04-19 18:16:52',0),('84ec961b-6319-496f-a73c-93d14d9b7134','26271400-d538-4a91-b576-37bbab70350b','8f0973c6-dd14-4ef8-96cd-94634ced62b9','9428ee11-170d-445e-942c-28a17ac3ebfc','2018-04-19 18:17:16',0),('858226c8-7aeb-439e-b122-68f1adfb71c1','a695ca1f-5a3b-488e-ab37-27ca537f6c83','6bc8d71f-1317-46c1-932d-66524cac46f5','60755539-340d-4c95-a954-3ec781cc45bf','2018-06-08 10:48:16',1),('85b7da73-0e70-4abe-bc37-8fed8a13e671','26271400-d538-4a91-b576-37bbab70350b','8f0973c6-dd14-4ef8-96cd-94634ced62b9','9428ee11-170d-445e-942c-28a17ac3ebfc','2018-04-19 18:17:16',0),('85fbe320-55b3-43dd-8413-98d05248de62','ba8a8edc-52b9-49d9-b13c-1cdd7864dd40','098a2a14-d251-46d7-a652-2e521406c6e7','60755539-340d-4c95-a954-3ec781cc45bf','2018-04-19 18:16:52',0),('8766c594-556b-4fb6-8f65-c9c49985819f','68c471e2-4699-4a00-bf84-f1afaa3714b8','098a2a14-d251-46d7-a652-2e521406c6e7','1','2018-06-08 10:52:59',1),('878c3ab6-ba98-4bef-b6b8-4972ea0bcb32','c492eefa-bed0-47a5-aa4f-c27106b98583','098a2a14-d251-46d7-a652-2e521406c6e7','1','2018-05-09 12:57:18',0),('8838c1ab-7af1-4ff7-8947-e4909cc8ab43','5031be5b-f377-49e0-8b71-98687f0c256b','469673b6-aef5-4638-b41f-4450e3772228','1','2018-06-08 10:41:50',0),('8a9f5066-cde4-40fb-a81a-0021f0a3ccae','4c8398f1-a47f-4d3d-957a-79fbbdac24d6','098a2a14-d251-46d7-a652-2e521406c6e7','1','2018-05-05 14:00:04',0),('8c379035-f9cd-4dae-9075-f742349625eb','ba8a8edc-52b9-49d9-b13c-1cdd7864dd40','098a2a14-d251-46d7-a652-2e521406c6e7','60755539-340d-4c95-a954-3ec781cc45bf','2018-04-19 18:16:52',0),('8d109249-94e5-43ad-b98d-45282148b134','b2d1ffa0-a414-4c64-b223-f6c72b0d006b','098a2a14-d251-46d7-a652-2e521406c6e7','1','2018-06-08 11:01:47',1),('8d2fd079-948f-47d8-89b5-1f77666c0fe1','ba8a8edc-52b9-49d9-b13c-1cdd7864dd40','098a2a14-d251-46d7-a652-2e521406c6e7','60755539-340d-4c95-a954-3ec781cc45bf','2018-04-19 18:16:52',0),('8ffc4cfc-5f1f-4f9d-ba0c-7f1a7fbe9b7e','ba8a8edc-52b9-49d9-b13c-1cdd7864dd40','098a2a14-d251-46d7-a652-2e521406c6e7','60755539-340d-4c95-a954-3ec781cc45bf','2018-04-19 18:16:52',0),('91015457-4e0b-4382-b34e-57787f2bed45','3c243fe7-14f6-4404-9adb-2fa485045885','acc0e8c8-58a8-490f-ac7e-8ca8d63c3ee7','60755539-340d-4c95-a954-3ec781cc45bf','2018-05-26 10:07:12',0),('938fe8c0-e2e9-487f-baad-b0a33cd019fa','9aff089f-8b36-468e-9e83-56f5a1eedb79','6bc8d71f-1317-46c1-932d-66524cac46f5','9428ee11-170d-445e-942c-28a17ac3ebfc','2018-05-08 13:20:52',1),('9438550d-2cd3-4ede-bd14-0c3a59811f24','1e97ef90-d302-45e7-82eb-bcb31b2332da','098a2a14-d251-46d7-a652-2e521406c6e7','1','2018-06-08 10:58:01',1),('94e3917c-88e1-4d96-b42a-3531f68b06eb','68c471e2-4699-4a00-bf84-f1afaa3714b8','098a2a14-d251-46d7-a652-2e521406c6e7','1','2018-06-08 10:52:59',1),('95eece01-97c7-4651-a159-ef8c204648de','68c471e2-4699-4a00-bf84-f1afaa3714b8','098a2a14-d251-46d7-a652-2e521406c6e7','1','2018-06-08 10:52:59',1),('95f41211-f14e-418e-93b8-9739e6cd9aaf','c70431a7-d2b6-4913-a0dd-1f900c8c1ab7','469673b6-aef5-4638-b41f-4450e3772228','9428ee11-170d-445e-942c-28a17ac3ebfc','2018-06-08 10:49:27',0),('9a33cf05-f48d-45c6-9416-d269bb3f3580','1e97ef90-d302-45e7-82eb-bcb31b2332da','098a2a14-d251-46d7-a652-2e521406c6e7','1','2018-06-08 10:58:01',1),('9b52ffe8-d957-408d-8f8b-80439328d447','4c8398f1-a47f-4d3d-957a-79fbbdac24d6','098a2a14-d251-46d7-a652-2e521406c6e7','1','2018-05-05 14:00:04',0),('9e29529d-962e-4ec0-81d1-cc1706a273eb','9aff089f-8b36-468e-9e83-56f5a1eedb79','6bc8d71f-1317-46c1-932d-66524cac46f5','9428ee11-170d-445e-942c-28a17ac3ebfc','2018-05-08 13:20:52',1),('9e9488f3-4a21-446e-a998-2c3a39725833','ba8a8edc-52b9-49d9-b13c-1cdd7864dd40','098a2a14-d251-46d7-a652-2e521406c6e7','60755539-340d-4c95-a954-3ec781cc45bf','2018-04-19 18:16:54',0),('9f43744e-b961-4b32-add3-a92f50e0b5ac','3c243fe7-14f6-4404-9adb-2fa485045885','6bc8d71f-1317-46c1-932d-66524cac46f5','60755539-340d-4c95-a954-3ec781cc45bf','2018-05-26 10:07:12',0),('9f755fb2-2790-4a3d-8bc3-49d3cf743d1b','d7a0b315-d2ea-4e5d-a047-1009388821f2','098a2a14-d251-46d7-a652-2e521406c6e7','1','2018-05-26 10:03:35',1),('a1b9db91-04ec-413b-a24d-4aa71e5a9227','a695ca1f-5a3b-488e-ab37-27ca537f6c83','6bc8d71f-1317-46c1-932d-66524cac46f5','60755539-340d-4c95-a954-3ec781cc45bf','2018-06-08 10:48:16',1),('a5df957e-4d78-4148-bda7-5457cbaf7fc0','9aff089f-8b36-468e-9e83-56f5a1eedb79','098a2a14-d251-46d7-a652-2e521406c6e7','1','2018-05-08 13:20:32',1),('a6594e85-320c-40e6-af06-75c7168d86ea','c70431a7-d2b6-4913-a0dd-1f900c8c1ab7','098a2a14-d251-46d7-a652-2e521406c6e7','9428ee11-170d-445e-942c-28a17ac3ebfc','2018-06-08 10:49:27',0),('a6da3457-83ab-474b-b0cb-38db97525d5a','0a9bf408-efad-46e2-b842-71dcb9b50993','098a2a14-d251-46d7-a652-2e521406c6e7','1','2018-05-09 12:48:09',0),('a8e3fc00-0fc6-4d15-b078-60a2989df216','9aff089f-8b36-468e-9e83-56f5a1eedb79','6bc8d71f-1317-46c1-932d-66524cac46f5','9428ee11-170d-445e-942c-28a17ac3ebfc','2018-05-08 13:20:52',1),('a9b78d9e-dc66-4631-9cac-4851a33a5518','3c243fe7-14f6-4404-9adb-2fa485045885','6bc8d71f-1317-46c1-932d-66524cac46f5','60755539-340d-4c95-a954-3ec781cc45bf','2018-05-26 10:07:12',0),('aaeb3ad5-7a91-436f-908c-05c1387981f3','d7a0b315-d2ea-4e5d-a047-1009388821f2','098a2a14-d251-46d7-a652-2e521406c6e7','1','2018-05-26 10:03:35',1),('ab67a151-c6ec-4a03-a193-88bca3b9854c','ba8a8edc-52b9-49d9-b13c-1cdd7864dd40','098a2a14-d251-46d7-a652-2e521406c6e7','60755539-340d-4c95-a954-3ec781cc45bf','2018-04-19 18:16:54',0),('acd16440-4237-4291-8f25-a597cd7d9927','1aa3746d-0f69-4be4-9754-1da95897cc98','098a2a14-d251-46d7-a652-2e521406c6e7','60755539-340d-4c95-a954-3ec781cc45bf','2018-06-08 10:54:05',0),('ad95e22c-c872-40b7-9e60-5026448fefb6','26271400-d538-4a91-b576-37bbab70350b','8f0973c6-dd14-4ef8-96cd-94634ced62b9','9428ee11-170d-445e-942c-28a17ac3ebfc','2018-04-19 18:17:16',0),('adbf22d5-7302-48a3-bd77-67c93f9aecfb','9aff089f-8b36-468e-9e83-56f5a1eedb79','6bc8d71f-1317-46c1-932d-66524cac46f5','9428ee11-170d-445e-942c-28a17ac3ebfc','2018-05-08 13:20:52',1),('ae9b9349-1dba-4d9f-ac99-2b760a4d7e02','26271400-d538-4a91-b576-37bbab70350b','8f0973c6-dd14-4ef8-96cd-94634ced62b9','9428ee11-170d-445e-942c-28a17ac3ebfc','2018-04-19 18:17:16',0),('afcff975-bf59-43a8-a655-7a7d6008f162','1be1a79a-72e8-45db-979e-4888d79d89ea','6bc8d71f-1317-46c1-932d-66524cac46f5','60755539-340d-4c95-a954-3ec781cc45bf','2018-06-08 11:02:22',0),('afeaac2c-d794-4757-837b-f1de278b95f7','4c8398f1-a47f-4d3d-957a-79fbbdac24d6','098a2a14-d251-46d7-a652-2e521406c6e7','1','2018-05-05 14:00:04',0),('afeeb35c-d6b4-42e3-be2d-fe9208b2f3d9','ba8a8edc-52b9-49d9-b13c-1cdd7864dd40','098a2a14-d251-46d7-a652-2e521406c6e7','60755539-340d-4c95-a954-3ec781cc45bf','2018-04-19 18:16:54',0),('b11b88d9-c116-49e2-bef0-489882980c5c','f6bdf474-838f-4670-ba3f-0f8cecee3ee7','098a2a14-d251-46d7-a652-2e521406c6e7','9428ee11-170d-445e-942c-28a17ac3ebfc','2018-05-09 12:52:52',0),('b248574e-86d7-4d31-8112-2fa5f48cc858','ba8a8edc-52b9-49d9-b13c-1cdd7864dd40','098a2a14-d251-46d7-a652-2e521406c6e7','60755539-340d-4c95-a954-3ec781cc45bf','2018-04-19 18:16:54',0),('b259ea9b-6df2-4072-8c01-1daa984b0989','5031be5b-f377-49e0-8b71-98687f0c256b','469673b6-aef5-4638-b41f-4450e3772228','1','2018-06-08 10:41:50',0),('b44560d7-cd4a-454f-842f-aca8526d0920','a695ca1f-5a3b-488e-ab37-27ca537f6c83','6bc8d71f-1317-46c1-932d-66524cac46f5','60755539-340d-4c95-a954-3ec781cc45bf','2018-06-08 10:48:16',1),('b9eb6a54-c06e-499b-a237-958d43b229ec','a695ca1f-5a3b-488e-ab37-27ca537f6c83','6bc8d71f-1317-46c1-932d-66524cac46f5','60755539-340d-4c95-a954-3ec781cc45bf','2018-06-08 10:48:16',1),('ba8c503b-502e-4493-9b58-4915d0dd58d3','c492eefa-bed0-47a5-aa4f-c27106b98583','098a2a14-d251-46d7-a652-2e521406c6e7','1','2018-05-09 12:57:18',0),('bb4245ac-e306-4f26-8004-8a803a28ec94','9aff089f-8b36-468e-9e83-56f5a1eedb79','6bc8d71f-1317-46c1-932d-66524cac46f5','9428ee11-170d-445e-942c-28a17ac3ebfc','2018-05-08 13:20:52',1),('bd0f48bc-581b-473f-bbb8-5f2602927d56','3c243fe7-14f6-4404-9adb-2fa485045885','acc0e8c8-58a8-490f-ac7e-8ca8d63c3ee7','60755539-340d-4c95-a954-3ec781cc45bf','2018-05-26 10:07:12',0),('bd86dc38-dc11-405d-a985-dad79f257b00','9aff089f-8b36-468e-9e83-56f5a1eedb79','6bc8d71f-1317-46c1-932d-66524cac46f5','9428ee11-170d-445e-942c-28a17ac3ebfc','2018-05-08 13:20:52',1),('be26fcea-aeae-4925-935b-3b794067b555','4c8398f1-a47f-4d3d-957a-79fbbdac24d6','098a2a14-d251-46d7-a652-2e521406c6e7','1','2018-05-05 14:00:04',0),('bf038ff7-504d-4822-af80-3e7e29ca5c0f','c492eefa-bed0-47a5-aa4f-c27106b98583','098a2a14-d251-46d7-a652-2e521406c6e7','1','2018-05-09 12:57:18',0),('c1035de7-4749-4027-be42-573ac6fb6bb0','26271400-d538-4a91-b576-37bbab70350b','8f0973c6-dd14-4ef8-96cd-94634ced62b9','9428ee11-170d-445e-942c-28a17ac3ebfc','2018-04-19 18:17:16',0),('c10970c4-37d2-43fb-a8ce-7ea83cac9791','4c8398f1-a47f-4d3d-957a-79fbbdac24d6','098a2a14-d251-46d7-a652-2e521406c6e7','1','2018-05-05 14:00:04',0),('c14f1b44-96ed-42b6-b9d2-1dd033cc75ec','ba8a8edc-52b9-49d9-b13c-1cdd7864dd40','098a2a14-d251-46d7-a652-2e521406c6e7','60755539-340d-4c95-a954-3ec781cc45bf','2018-04-19 18:16:52',0),('c23dcb56-e61a-48c1-8f84-3ebbefd3f607','68c471e2-4699-4a00-bf84-f1afaa3714b8','098a2a14-d251-46d7-a652-2e521406c6e7','1','2018-06-08 10:52:59',1),('c30a47d0-6adb-41b3-915e-24898fd16317','c655ec75-25ca-4561-87c1-59e7d8b4fe7e','8f0973c6-dd14-4ef8-96cd-94634ced62b9','1','2018-04-19 18:18:57',0),('c33cc08e-0c2a-4004-96d3-197f53f0870c','1e97ef90-d302-45e7-82eb-bcb31b2332da','098a2a14-d251-46d7-a652-2e521406c6e7','1','2018-06-08 10:58:01',1),('c4049af5-08fa-4cb9-bf0b-098986a1f646','1aa3746d-0f69-4be4-9754-1da95897cc98','098a2a14-d251-46d7-a652-2e521406c6e7','60755539-340d-4c95-a954-3ec781cc45bf','2018-06-08 10:54:05',0),('c57623d4-42ba-4ea7-a068-56a3b82ce425','a695ca1f-5a3b-488e-ab37-27ca537f6c83','6bc8d71f-1317-46c1-932d-66524cac46f5','60755539-340d-4c95-a954-3ec781cc45bf','2018-06-08 10:48:16',1),('c5869bb9-e251-4ac0-a349-c0e9cc25a25f','ba8a8edc-52b9-49d9-b13c-1cdd7864dd40','098a2a14-d251-46d7-a652-2e521406c6e7','60755539-340d-4c95-a954-3ec781cc45bf','2018-04-19 18:16:52',0),('c5f8a762-8041-4fd8-b199-885cc0d78cd3','f94345b3-1aa7-4ab9-8e6f-d4afc91a9daa','8f0973c6-dd14-4ef8-96cd-94634ced62b9','60755539-340d-4c95-a954-3ec781cc45bf','2018-05-25 23:09:43',1),('c6b2f0ec-6fd1-465b-81d1-ef511ac1b9c1','26271400-d538-4a91-b576-37bbab70350b','8f0973c6-dd14-4ef8-96cd-94634ced62b9','9428ee11-170d-445e-942c-28a17ac3ebfc','2018-04-19 18:17:16',0),('c77da8f8-1cb1-4dfb-8d93-d03a022eb797','f94345b3-1aa7-4ab9-8e6f-d4afc91a9daa','098a2a14-d251-46d7-a652-2e521406c6e7','9428ee11-170d-445e-942c-28a17ac3ebfc','2018-05-25 23:09:43',1),('c7e68cdc-70a1-4de4-89ad-3933e1c71aa7','c492eefa-bed0-47a5-aa4f-c27106b98583','098a2a14-d251-46d7-a652-2e521406c6e7','1','2018-05-09 12:57:18',0),('c83e3357-35be-458a-b3b9-3e94c2afe81d','ba8a8edc-52b9-49d9-b13c-1cdd7864dd40','098a2a14-d251-46d7-a652-2e521406c6e7','60755539-340d-4c95-a954-3ec781cc45bf','2018-04-19 18:16:52',0),('c8691c5a-ea22-471a-aed2-24837e67349d','f94345b3-1aa7-4ab9-8e6f-d4afc91a9daa','8f0973c6-dd14-4ef8-96cd-94634ced62b9','60755539-340d-4c95-a954-3ec781cc45bf','2018-05-25 23:09:42',1),('c87e1d9f-273d-42ca-8afd-637d2ca33283','c70431a7-d2b6-4913-a0dd-1f900c8c1ab7','098a2a14-d251-46d7-a652-2e521406c6e7','9428ee11-170d-445e-942c-28a17ac3ebfc','2018-06-08 10:49:27',0),('caa4d554-8730-4776-9270-6a156367d2b9','d7a0b315-d2ea-4e5d-a047-1009388821f2','098a2a14-d251-46d7-a652-2e521406c6e7','1','2018-05-26 10:03:35',1),('cc20131c-92ad-448d-bf4e-c00bf4daa76c','1be1a79a-72e8-45db-979e-4888d79d89ea','469673b6-aef5-4638-b41f-4450e3772228','9428ee11-170d-445e-942c-28a17ac3ebfc','2018-06-08 11:02:22',0),('ccce1f91-7650-4bb8-9962-a0d761371ff7','c492eefa-bed0-47a5-aa4f-c27106b98583','098a2a14-d251-46d7-a652-2e521406c6e7','1','2018-05-09 12:57:18',0),('cd6aee11-7b37-4152-a4f6-24e3f75ede16','6510c4a3-3b0c-403a-8fe1-b49bca2b8e2e','098a2a14-d251-46d7-a652-2e521406c6e7','1','2018-06-08 10:58:41',0),('cda8bb33-91bf-418b-aae4-0a6260ecee4c','4c8398f1-a47f-4d3d-957a-79fbbdac24d6','098a2a14-d251-46d7-a652-2e521406c6e7','1','2018-05-05 14:00:04',0),('cddb8c9c-9899-48f6-b46e-588c5ad218db','9aff089f-8b36-468e-9e83-56f5a1eedb79','6bc8d71f-1317-46c1-932d-66524cac46f5','9428ee11-170d-445e-942c-28a17ac3ebfc','2018-05-08 13:20:52',1),('cf6714df-a0e6-4530-a70d-7a4196d5f4ae','ba8a8edc-52b9-49d9-b13c-1cdd7864dd40','098a2a14-d251-46d7-a652-2e521406c6e7','60755539-340d-4c95-a954-3ec781cc45bf','2018-04-19 18:16:54',0),('cf7220a5-e670-421d-a128-d59badb68ea5','9aff089f-8b36-468e-9e83-56f5a1eedb79','6bc8d71f-1317-46c1-932d-66524cac46f5','9428ee11-170d-445e-942c-28a17ac3ebfc','2018-05-08 13:20:52',1),('cf938b45-e736-4380-96ff-282a91181110','5031be5b-f377-49e0-8b71-98687f0c256b','469673b6-aef5-4638-b41f-4450e3772228','1','2018-06-08 10:41:50',0),('cfbfe2f3-809a-4bf0-881e-2f803059d471','a695ca1f-5a3b-488e-ab37-27ca537f6c83','6bc8d71f-1317-46c1-932d-66524cac46f5','60755539-340d-4c95-a954-3ec781cc45bf','2018-06-08 10:48:16',1),('cfcec7c9-c2de-4a31-b442-1ee375ac4aab','a695ca1f-5a3b-488e-ab37-27ca537f6c83','6bc8d71f-1317-46c1-932d-66524cac46f5','60755539-340d-4c95-a954-3ec781cc45bf','2018-06-08 10:48:16',1),('d052908b-c6e5-445d-8f77-d8a7c36d30e7','5031be5b-f377-49e0-8b71-98687f0c256b','469673b6-aef5-4638-b41f-4450e3772228','1','2018-06-08 10:41:50',0),('d16b24c9-f51f-4a15-b68f-1debdac1a70b','a695ca1f-5a3b-488e-ab37-27ca537f6c83','6bc8d71f-1317-46c1-932d-66524cac46f5','60755539-340d-4c95-a954-3ec781cc45bf','2018-06-08 10:48:16',1),('d3ccd92b-d1ea-41e4-ab57-0f1f73c011e2','3c243fe7-14f6-4404-9adb-2fa485045885','acc0e8c8-58a8-490f-ac7e-8ca8d63c3ee7','60755539-340d-4c95-a954-3ec781cc45bf','2018-05-26 10:07:12',0),('da366cd6-6ff1-4e55-a5df-be619d81b02c','6510c4a3-3b0c-403a-8fe1-b49bca2b8e2e','098a2a14-d251-46d7-a652-2e521406c6e7','1','2018-06-08 10:58:40',0),('dbe86812-79d3-46bc-ab31-1cd8ae874751','ba8a8edc-52b9-49d9-b13c-1cdd7864dd40','098a2a14-d251-46d7-a652-2e521406c6e7','60755539-340d-4c95-a954-3ec781cc45bf','2018-04-19 18:16:52',0),('dbf1b743-ec08-42b6-9c89-9ca9fff79177','f94345b3-1aa7-4ab9-8e6f-d4afc91a9daa','098a2a14-d251-46d7-a652-2e521406c6e7','9428ee11-170d-445e-942c-28a17ac3ebfc','2018-05-25 23:09:43',1),('dc110277-597d-44aa-9565-1437ffbca94c','c492eefa-bed0-47a5-aa4f-c27106b98583','098a2a14-d251-46d7-a652-2e521406c6e7','1','2018-05-09 12:57:18',0),('dca9943e-9546-4667-84a4-6c4dd5a57cd9','3c243fe7-14f6-4404-9adb-2fa485045885','6bc8d71f-1317-46c1-932d-66524cac46f5','9428ee11-170d-445e-942c-28a17ac3ebfc','2018-05-26 10:07:12',0),('dcedbe59-ba57-4cb5-a5d2-715899712097','5031be5b-f377-49e0-8b71-98687f0c256b','469673b6-aef5-4638-b41f-4450e3772228','1','2018-06-08 10:41:50',0),('dd367dcb-2914-46da-8ea6-125bb6731dea','ba8a8edc-52b9-49d9-b13c-1cdd7864dd40','098a2a14-d251-46d7-a652-2e521406c6e7','60755539-340d-4c95-a954-3ec781cc45bf','2018-04-19 18:16:54',0),('dde8d33e-f5fe-4336-905f-7d6437c58a4d','ba8a8edc-52b9-49d9-b13c-1cdd7864dd40','098a2a14-d251-46d7-a652-2e521406c6e7','60755539-340d-4c95-a954-3ec781cc45bf','2018-04-19 18:16:54',0),('de288602-4502-4cf0-852d-6bd7381327c6','a695ca1f-5a3b-488e-ab37-27ca537f6c83','6bc8d71f-1317-46c1-932d-66524cac46f5','60755539-340d-4c95-a954-3ec781cc45bf','2018-06-08 10:48:16',1),('e1480cb7-e348-4473-8837-816159e1e25e','1e97ef90-d302-45e7-82eb-bcb31b2332da','098a2a14-d251-46d7-a652-2e521406c6e7','1','2018-06-08 10:58:01',1),('e22d12e8-27cf-4342-ae7f-9210c64d0904','f6bdf474-838f-4670-ba3f-0f8cecee3ee7','098a2a14-d251-46d7-a652-2e521406c6e7','9428ee11-170d-445e-942c-28a17ac3ebfc','2018-05-09 12:52:52',0),('e27b0fa9-8b8c-4a51-88d0-6f7b68c83e21','1aa3746d-0f69-4be4-9754-1da95897cc98','6bc8d71f-1317-46c1-932d-66524cac46f5','60755539-340d-4c95-a954-3ec781cc45bf','2018-06-08 10:54:05',0),('e3399824-7e77-4338-a110-3ac547753374','ba8a8edc-52b9-49d9-b13c-1cdd7864dd40','098a2a14-d251-46d7-a652-2e521406c6e7','60755539-340d-4c95-a954-3ec781cc45bf','2018-04-19 18:16:54',0),('e41c60f0-a840-45a5-aa95-aed1fce58320','1be1a79a-72e8-45db-979e-4888d79d89ea','469673b6-aef5-4638-b41f-4450e3772228','9428ee11-170d-445e-942c-28a17ac3ebfc','2018-06-08 11:02:22',0),('e47a8c2c-1cbb-470f-a18a-246611353477','3c243fe7-14f6-4404-9adb-2fa485045885','6bc8d71f-1317-46c1-932d-66524cac46f5','60755539-340d-4c95-a954-3ec781cc45bf','2018-05-26 10:07:12',0),('e4813e56-5bad-4c75-933a-be6aa4554a0b','6510c4a3-3b0c-403a-8fe1-b49bca2b8e2e','098a2a14-d251-46d7-a652-2e521406c6e7','1','2018-06-08 10:58:41',0),('e56e4699-01a6-4aa1-8512-d405c2edd69d','0a9bf408-efad-46e2-b842-71dcb9b50993','098a2a14-d251-46d7-a652-2e521406c6e7','1','2018-05-09 12:48:09',0),('e6a87a4f-d5d5-4d3a-8ee1-c4e7d92c783c','1aa3746d-0f69-4be4-9754-1da95897cc98','098a2a14-d251-46d7-a652-2e521406c6e7','60755539-340d-4c95-a954-3ec781cc45bf','2018-06-08 10:54:05',0),('e7b38565-b045-482a-9e74-e00abace6cd5','9aff089f-8b36-468e-9e83-56f5a1eedb79','6bc8d71f-1317-46c1-932d-66524cac46f5','9428ee11-170d-445e-942c-28a17ac3ebfc','2018-05-08 13:20:52',1),('e9de1c43-3d90-4a18-a95f-58659e1904c2','c492eefa-bed0-47a5-aa4f-c27106b98583','098a2a14-d251-46d7-a652-2e521406c6e7','1','2018-05-09 12:57:18',0),('ea494f1f-bf0d-483f-a019-7c523ea0f652','c70431a7-d2b6-4913-a0dd-1f900c8c1ab7','098a2a14-d251-46d7-a652-2e521406c6e7','9428ee11-170d-445e-942c-28a17ac3ebfc','2018-06-08 10:49:27',0),('eed31800-fea9-4c4a-af7f-c929b7e46c7c','ba8a8edc-52b9-49d9-b13c-1cdd7864dd40','098a2a14-d251-46d7-a652-2e521406c6e7','60755539-340d-4c95-a954-3ec781cc45bf','2018-04-19 18:16:52',0),('f0fc9f35-039f-423b-b293-f1760efa147c','1e97ef90-d302-45e7-82eb-bcb31b2332da','098a2a14-d251-46d7-a652-2e521406c6e7','1','2018-06-08 10:58:01',1),('f1a14576-e71d-4743-88f4-1b273df7a5eb','ba8a8edc-52b9-49d9-b13c-1cdd7864dd40','098a2a14-d251-46d7-a652-2e521406c6e7','60755539-340d-4c95-a954-3ec781cc45bf','2018-04-19 18:16:52',0),('f1eb1bdb-36c2-400f-9ece-b7d9579a0867','3c243fe7-14f6-4404-9adb-2fa485045885','6bc8d71f-1317-46c1-932d-66524cac46f5','60755539-340d-4c95-a954-3ec781cc45bf','2018-05-26 10:07:12',0),('f2f6bd10-6ed9-46ac-baa2-83aa9913255f','a695ca1f-5a3b-488e-ab37-27ca537f6c83','6bc8d71f-1317-46c1-932d-66524cac46f5','60755539-340d-4c95-a954-3ec781cc45bf','2018-06-08 10:48:16',1),('f39695c1-54f5-4cc1-9a7e-4df57bf40e14','c655ec75-25ca-4561-87c1-59e7d8b4fe7e','6bc8d71f-1317-46c1-932d-66524cac46f5','60755539-340d-4c95-a954-3ec781cc45bf','2018-04-19 18:18:57',0),('f47b637e-ce69-45df-9cfe-f6db4fcf20c6','c492eefa-bed0-47a5-aa4f-c27106b98583','098a2a14-d251-46d7-a652-2e521406c6e7','1','2018-05-09 12:57:18',0),('f4a424d1-b6c9-4e00-b422-aa3b57408cdf','9aff089f-8b36-468e-9e83-56f5a1eedb79','6bc8d71f-1317-46c1-932d-66524cac46f5','9428ee11-170d-445e-942c-28a17ac3ebfc','2018-05-08 13:20:52',1),('f6c12b8d-97ed-4178-995d-a347f4e94112','3c243fe7-14f6-4404-9adb-2fa485045885','acc0e8c8-58a8-490f-ac7e-8ca8d63c3ee7','60755539-340d-4c95-a954-3ec781cc45bf','2018-05-26 10:07:12',0),('f6f5aa02-c32e-4989-9610-7472f9019837','a695ca1f-5a3b-488e-ab37-27ca537f6c83','6bc8d71f-1317-46c1-932d-66524cac46f5','60755539-340d-4c95-a954-3ec781cc45bf','2018-06-08 10:48:16',1),('f7089b53-8bd4-41c1-aab4-de04c7c485c8','f94345b3-1aa7-4ab9-8e6f-d4afc91a9daa','098a2a14-d251-46d7-a652-2e521406c6e7','9428ee11-170d-445e-942c-28a17ac3ebfc','2018-05-25 23:09:43',1),('f7bc570e-e670-417c-9702-6378399a1c82','ba8a8edc-52b9-49d9-b13c-1cdd7864dd40','098a2a14-d251-46d7-a652-2e521406c6e7','60755539-340d-4c95-a954-3ec781cc45bf','2018-04-19 18:16:54',0),('f9d607e7-9ed2-4a09-8612-afeeafda19e4','3c243fe7-14f6-4404-9adb-2fa485045885','6bc8d71f-1317-46c1-932d-66524cac46f5','9428ee11-170d-445e-942c-28a17ac3ebfc','2018-05-26 10:07:12',0),('fc37c3ef-8e9b-4435-97db-92f43aaa1cf3','5031be5b-f377-49e0-8b71-98687f0c256b','469673b6-aef5-4638-b41f-4450e3772228','1','2018-06-08 10:41:50',0),('fce011cd-8aeb-49c0-8df2-e11908c91b47','a695ca1f-5a3b-488e-ab37-27ca537f6c83','6bc8d71f-1317-46c1-932d-66524cac46f5','60755539-340d-4c95-a954-3ec781cc45bf','2018-06-08 10:48:16',1),('fd89c576-d08e-4212-a60a-4f934c2ab2d4','4c8398f1-a47f-4d3d-957a-79fbbdac24d6','098a2a14-d251-46d7-a652-2e521406c6e7','1','2018-05-05 14:00:04',0),('fef2d3c8-9db1-47c7-99e2-f95ceee0786c','68c471e2-4699-4a00-bf84-f1afaa3714b8','098a2a14-d251-46d7-a652-2e521406c6e7','1','2018-06-08 10:52:59',1),('ff40d925-5991-41ae-8276-7014522c4f16','c655ec75-25ca-4561-87c1-59e7d8b4fe7e','6bc8d71f-1317-46c1-932d-66524cac46f5','60755539-340d-4c95-a954-3ec781cc45bf','2018-04-19 18:18:57',0),('ffede391-67b8-43cd-aad6-f8ad7053f604','68c471e2-4699-4a00-bf84-f1afaa3714b8','098a2a14-d251-46d7-a652-2e521406c6e7','1','2018-06-08 10:52:59',1);

/*Table structure for table `ld_orderexecution` */

DROP TABLE IF EXISTS `ld_orderexecution`;

CREATE TABLE `ld_orderexecution` (
  `id` varchar(64) NOT NULL,
  `client_id` varchar(64) DEFAULT NULL,
  `sum` int(11) DEFAULT NULL,
  `estimated_time` datetime DEFAULT NULL,
  `state` int(11) DEFAULT NULL COMMENT '0未完成 1完成',
  `is_take_away` int(11) DEFAULT NULL COMMENT '是否已经取走 0未取走 1 取走',
  `create_time` datetime DEFAULT NULL,
  PRIMARY KEY (`id`),
  KEY `client_id` (`client_id`)
) ENGINE=InnoDB DEFAULT CHARSET=utf8;

/*Data for the table `ld_orderexecution` */

insert  into `ld_orderexecution`(`id`,`client_id`,`sum`,`estimated_time`,`state`,`is_take_away`,`create_time`) values ('0a9bf408-efad-46e2-b842-71dcb9b50993','15da2d0f-14f0-41f8-9f43-ada66d18923b',10,'2018-05-11 00:48:16',0,0,'2018-05-09 12:48:18'),('1aa3746d-0f69-4be4-9754-1da95897cc98','15da2d0f-14f0-41f8-9f43-ada66d18923b',11,'2018-06-09 22:54:24',0,0,'2018-06-08 10:54:26'),('1be1a79a-72e8-45db-979e-4888d79d89ea','15da2d0f-14f0-41f8-9f43-ada66d18923b',4,'2018-06-09 11:02:38',0,0,'2018-06-08 11:02:40'),('1e97ef90-d302-45e7-82eb-bcb31b2332da','15da2d0f-14f0-41f8-9f43-ada66d18923b',10,'2018-06-09 22:58:05',1,1,'2018-06-08 10:58:06'),('26271400-d538-4a91-b576-37bbab70350b','15da2d0f-14f0-41f8-9f43-ada66d18923b',20,'2018-04-21 10:17:40',0,0,'2018-04-19 18:17:42'),('3c243fe7-14f6-4404-9adb-2fa485045885','15da2d0f-14f0-41f8-9f43-ada66d18923b',15,'2018-05-27 22:08:50',0,0,'2018-05-26 10:08:52'),('4c8398f1-a47f-4d3d-957a-79fbbdac24d6','15da2d0f-14f0-41f8-9f43-ada66d18923b',10,'2018-05-06 10:00:07',0,0,'2018-05-05 14:00:10'),('5031be5b-f377-49e0-8b71-98687f0c256b','15da2d0f-14f0-41f8-9f43-ada66d18923b',10,'2018-06-09 22:41:51',0,0,'2018-06-08 10:41:53'),('6510c4a3-3b0c-403a-8fe1-b49bca2b8e2e','15da2d0f-14f0-41f8-9f43-ada66d18923b',9,'2018-06-09 10:59:09',0,0,'2018-06-08 10:59:10'),('68c471e2-4699-4a00-bf84-f1afaa3714b8','15da2d0f-14f0-41f8-9f43-ada66d18923b',10,'2018-06-09 22:53:04',1,1,'2018-06-08 10:53:08'),('9aff089f-8b36-468e-9e83-56f5a1eedb79','15da2d0f-14f0-41f8-9f43-ada66d18923b',22,'2018-05-10 09:20:56',1,1,'2018-05-08 13:21:06'),('a626fc63-bdc5-4d8d-a21e-518620cc056d','15da2d0f-14f0-41f8-9f43-ada66d18923b',10,'2018-05-11 00:32:34',0,0,'2018-05-09 12:32:41'),('a695ca1f-5a3b-488e-ab37-27ca537f6c83','15da2d0f-14f0-41f8-9f43-ada66d18923b',19,'2018-06-09 22:48:23',1,1,'2018-06-08 10:48:27'),('ac8553d1-0bc2-4971-acec-f08ac4ec221b','15da2d0f-14f0-41f8-9f43-ada66d18923b',0,'2018-05-30 19:03:20',0,0,'2018-05-29 19:03:21'),('b2d1ffa0-a414-4c64-b223-f6c72b0d006b','15da2d0f-14f0-41f8-9f43-ada66d18923b',10,'2018-06-09 23:01:48',1,1,'2018-06-08 11:01:49'),('ba8a8edc-52b9-49d9-b13c-1cdd7864dd40','15da2d0f-14f0-41f8-9f43-ada66d18923b',40,'2018-04-23 02:16:55',0,0,'2018-04-19 18:16:57'),('c492eefa-bed0-47a5-aa4f-c27106b98583','15da2d0f-14f0-41f8-9f43-ada66d18923b',20,'2018-05-11 13:49:22',0,0,'2018-05-09 13:49:24'),('c655ec75-25ca-4561-87c1-59e7d8b4fe7e','15da2d0f-14f0-41f8-9f43-ada66d18923b',12,'2018-04-20 18:19:15',0,0,'2018-04-19 18:19:16'),('c70431a7-d2b6-4913-a0dd-1f900c8c1ab7','15da2d0f-14f0-41f8-9f43-ada66d18923b',7,'2018-06-09 10:50:13',0,0,'2018-06-08 10:50:15'),('d7a0b315-d2ea-4e5d-a047-1009388821f2','15da2d0f-14f0-41f8-9f43-ada66d18923b',5,'2018-05-27 10:03:38',1,1,'2018-05-26 10:03:55'),('f94345b3-1aa7-4ab9-8e6f-d4afc91a9daa','15da2d0f-14f0-41f8-9f43-ada66d18923b',8,'2018-05-26 23:10:16',1,1,'2018-05-25 23:10:17');

/*Table structure for table `ld_reservation` */

DROP TABLE IF EXISTS `ld_reservation`;

CREATE TABLE `ld_reservation` (
  `id` varchar(64) NOT NULL,
  `client_id` varchar(64) DEFAULT NULL,
  `sum` int(11) DEFAULT '0' COMMENT '衣服数量',
  `estimated_time` datetime DEFAULT NULL,
  `price` decimal(10,2) DEFAULT '0.00',
  `create_time` datetime DEFAULT NULL,
  `real_price` decimal(10,2) DEFAULT NULL,
  PRIMARY KEY (`id`),
  KEY `client_id` (`client_id`)
) ENGINE=InnoDB DEFAULT CHARSET=utf8;

/*Data for the table `ld_reservation` */

insert  into `ld_reservation`(`id`,`client_id`,`sum`,`estimated_time`,`price`,`create_time`,`real_price`) values ('0c1336b1-68c5-4b28-beaf-0af628c19221','15da2d0f-14f0-41f8-9f43-ada66d18923b',0,NULL,0.00,'2018-05-05 14:49:13',NULL),('0f498d22-98ff-4427-aeb4-20345eef34b2','15da2d0f-14f0-41f8-9f43-ada66d18923b',0,NULL,0.00,'2018-05-05 13:49:08',NULL),('10b24bc7-e1c4-472c-91af-0185b96db897','15da2d0f-14f0-41f8-9f43-ada66d18923b',10,NULL,120.00,'2018-05-09 12:48:48',NULL),('1aa3746d-0f69-4be4-9754-1da95897cc98','15da2d0f-14f0-41f8-9f43-ada66d18923b',11,NULL,129.00,'2018-06-08 10:53:50',NULL),('1be1a79a-72e8-45db-979e-4888d79d89ea','15da2d0f-14f0-41f8-9f43-ada66d18923b',4,NULL,34.00,'2018-06-08 11:02:14',NULL),('26271400-d538-4a91-b576-37bbab70350b','15da2d0f-14f0-41f8-9f43-ada66d18923b',20,NULL,100.00,'2018-04-19 18:17:08',NULL),('3c243fe7-14f6-4404-9adb-2fa485045885','15da2d0f-14f0-41f8-9f43-ada66d18923b',15,NULL,150.00,'2018-05-26 10:06:58',NULL),('44f7217c-f27a-4cb9-8c37-116537c19ae8','15da2d0f-14f0-41f8-9f43-ada66d18923b',0,NULL,0.00,'2018-05-05 14:49:29',NULL),('4edf1097-b3cf-42b9-9914-4c6235922e4c','15da2d0f-14f0-41f8-9f43-ada66d18923b',0,NULL,0.00,'2018-04-20 13:48:17',NULL),('534c102f-6bd7-4bdb-8fac-387e1dbbcbf8','15da2d0f-14f0-41f8-9f43-ada66d18923b',0,NULL,0.00,'2018-05-05 17:14:18',NULL),('5f324ac1-8d6f-481a-8445-d4fcf130e9ee','15da2d0f-14f0-41f8-9f43-ada66d18923b',0,NULL,0.00,'2018-05-05 18:36:17',NULL),('6510c4a3-3b0c-403a-8fe1-b49bca2b8e2e','15da2d0f-14f0-41f8-9f43-ada66d18923b',9,NULL,43.00,'2018-06-08 10:58:28',NULL),('826f6cbc-afeb-420c-9a2f-e11378f74c22','15da2d0f-14f0-41f8-9f43-ada66d18923b',0,NULL,0.00,'2018-05-05 14:45:19',NULL),('8e895aec-8dcb-405a-a23a-467e737b2b0f','15da2d0f-14f0-41f8-9f43-ada66d18923b',0,NULL,0.00,'2018-05-05 14:49:16',NULL),('99ae5a66-7270-4ed2-9fe2-299b25ee533e','15da2d0f-14f0-41f8-9f43-ada66d18923b',0,NULL,0.00,'2018-05-27 18:09:18',NULL),('9dc2b1bd-b6d3-49d7-9218-0781f7d92530','15da2d0f-14f0-41f8-9f43-ada66d18923b',0,NULL,0.00,'2018-05-05 14:49:14',NULL),('a88ac4d8-1666-4d59-9e33-ddffbc048eb6','15da2d0f-14f0-41f8-9f43-ada66d18923b',0,NULL,0.00,'2018-05-05 14:49:15',NULL),('c492eefa-bed0-47a5-aa4f-c27106b98583','15da2d0f-14f0-41f8-9f43-ada66d18923b',20,NULL,60.00,'2018-05-09 12:57:14',NULL),('c655ec75-25ca-4561-87c1-59e7d8b4fe7e','15da2d0f-14f0-41f8-9f43-ada66d18923b',12,NULL,129.00,'2018-04-19 18:18:40',NULL),('c70431a7-d2b6-4913-a0dd-1f900c8c1ab7','15da2d0f-14f0-41f8-9f43-ada66d18923b',7,NULL,28.00,'2018-06-08 10:49:09',NULL),('ca975f9e-cc59-406a-a677-74f35fee3d99','15da2d0f-14f0-41f8-9f43-ada66d18923b',12,NULL,56.00,'2018-05-08 13:23:26',NULL),('d07fd6d1-b85b-4a62-86f9-2c3d4856b7a8','15da2d0f-14f0-41f8-9f43-ada66d18923b',30,NULL,290.00,'2018-05-05 14:45:06',NULL),('eedc5d1f-9ae6-4c72-8af7-90c93f830fac','15da2d0f-14f0-41f8-9f43-ada66d18923b',0,NULL,0.00,'2018-05-05 17:14:42',NULL),('f6bdf474-838f-4670-ba3f-0f8cecee3ee7','15da2d0f-14f0-41f8-9f43-ada66d18923b',10,NULL,40.00,'2018-05-09 12:52:48',NULL),('f94345b3-1aa7-4ab9-8e6f-d4afc91a9daa','15da2d0f-14f0-41f8-9f43-ada66d18923b',8,NULL,59.00,'2018-05-25 23:09:34',NULL);

/*Table structure for table `ld_reservation_info` */

DROP TABLE IF EXISTS `ld_reservation_info`;

CREATE TABLE `ld_reservation_info` (
  `id` varchar(64) NOT NULL,
  `order_id` varchar(64) DEFAULT NULL,
  `clothestype_id` varchar(64) DEFAULT NULL,
  `laundeytype_id` varchar(64) DEFAULT NULL,
  `create_time` datetime DEFAULT NULL,
  `state` int(11) DEFAULT NULL COMMENT '0未完成 1已完成',
  PRIMARY KEY (`id`),
  KEY `clothestype_id` (`clothestype_id`),
  KEY `laundeytype_id` (`laundeytype_id`),
  KEY `order_id` (`order_id`)
) ENGINE=InnoDB DEFAULT CHARSET=utf8;

/*Data for the table `ld_reservation_info` */

insert  into `ld_reservation_info`(`id`,`order_id`,`clothestype_id`,`laundeytype_id`,`create_time`,`state`) values ('01eb5207-33c3-4148-9e24-ea628cf8d9e3','26271400-d538-4a91-b576-37bbab70350b','8f0973c6-dd14-4ef8-96cd-94634ced62b9','9428ee11-170d-445e-942c-28a17ac3ebfc','2018-04-19 18:17:16',0),('046b621d-220e-4781-a71d-932f819a018b','f94345b3-1aa7-4ab9-8e6f-d4afc91a9daa','098a2a14-d251-46d7-a652-2e521406c6e7','9428ee11-170d-445e-942c-28a17ac3ebfc','2018-05-25 23:09:43',0),('04c9fd9a-bc5a-49a4-904e-a97346144d54','26271400-d538-4a91-b576-37bbab70350b','8f0973c6-dd14-4ef8-96cd-94634ced62b9','9428ee11-170d-445e-942c-28a17ac3ebfc','2018-04-19 18:17:16',0),('04fb3114-4cd6-47cf-91a0-0008f5fc7704','6510c4a3-3b0c-403a-8fe1-b49bca2b8e2e','8f0973c6-dd14-4ef8-96cd-94634ced62b9','60755539-340d-4c95-a954-3ec781cc45bf','2018-06-08 10:58:40',0),('052d2530-5b05-4520-bf7e-fb19d5247880','3c243fe7-14f6-4404-9adb-2fa485045885','6bc8d71f-1317-46c1-932d-66524cac46f5','9428ee11-170d-445e-942c-28a17ac3ebfc','2018-05-26 10:07:12',0),('0703a141-f5ac-4835-8e6d-d4c205bf991d','c655ec75-25ca-4561-87c1-59e7d8b4fe7e','8f0973c6-dd14-4ef8-96cd-94634ced62b9','1','2018-04-19 18:18:57',0),('07580c16-cf9b-479a-857d-6458866d7ca0','6510c4a3-3b0c-403a-8fe1-b49bca2b8e2e','6bc8d71f-1317-46c1-932d-66524cac46f5','9428ee11-170d-445e-942c-28a17ac3ebfc','2018-06-08 10:58:41',0),('07ca301a-dbb8-48d4-b0b1-8c995a6465dc','26271400-d538-4a91-b576-37bbab70350b','8f0973c6-dd14-4ef8-96cd-94634ced62b9','9428ee11-170d-445e-942c-28a17ac3ebfc','2018-04-19 18:17:16',0),('08454c68-0e5d-48be-9c73-b72ed46f568d','d07fd6d1-b85b-4a62-86f9-2c3d4856b7a8','098a2a14-d251-46d7-a652-2e521406c6e7','60755539-340d-4c95-a954-3ec781cc45bf','2018-05-05 14:45:18',0),('08865c28-97d3-4678-901e-75d811c136b9','c492eefa-bed0-47a5-aa4f-c27106b98583','098a2a14-d251-46d7-a652-2e521406c6e7','1','2018-05-09 12:57:18',0),('08d93d95-8cda-4570-862e-51170f2d9156','c655ec75-25ca-4561-87c1-59e7d8b4fe7e','6bc8d71f-1317-46c1-932d-66524cac46f5','60755539-340d-4c95-a954-3ec781cc45bf','2018-04-19 18:18:57',0),('096a702c-1e9a-4131-9d8b-fa5e15abb06e','3c243fe7-14f6-4404-9adb-2fa485045885','6bc8d71f-1317-46c1-932d-66524cac46f5','9428ee11-170d-445e-942c-28a17ac3ebfc','2018-05-26 10:07:12',0),('0b5e4673-dc66-4beb-b6dd-9ad13333d0b4','3c243fe7-14f6-4404-9adb-2fa485045885','6bc8d71f-1317-46c1-932d-66524cac46f5','60755539-340d-4c95-a954-3ec781cc45bf','2018-05-26 10:07:12',0),('0bc9aa6e-07aa-4916-b7dc-585ecf55a1c3','26271400-d538-4a91-b576-37bbab70350b','8f0973c6-dd14-4ef8-96cd-94634ced62b9','9428ee11-170d-445e-942c-28a17ac3ebfc','2018-04-19 18:17:16',0),('0e54100c-76a4-4245-bf5f-c30fabdcfce4','d07fd6d1-b85b-4a62-86f9-2c3d4856b7a8','098a2a14-d251-46d7-a652-2e521406c6e7','60755539-340d-4c95-a954-3ec781cc45bf','2018-05-05 14:45:18',0),('142316b3-d22c-4979-9ab3-58a2eb57ff49','c492eefa-bed0-47a5-aa4f-c27106b98583','098a2a14-d251-46d7-a652-2e521406c6e7','1','2018-05-09 12:57:18',0),('1472233e-858f-46d1-953f-07b91ea788e6','10b24bc7-e1c4-472c-91af-0185b96db897','469673b6-aef5-4638-b41f-4450e3772228','60755539-340d-4c95-a954-3ec781cc45bf','2018-05-09 12:48:52',0),('1a9e8fe5-5166-4453-b1dc-2f4ca9c26275','c655ec75-25ca-4561-87c1-59e7d8b4fe7e','6bc8d71f-1317-46c1-932d-66524cac46f5','60755539-340d-4c95-a954-3ec781cc45bf','2018-04-19 18:18:57',0),('1abed7f6-cf28-4081-b7dc-4997e3a30fc3','f6bdf474-838f-4670-ba3f-0f8cecee3ee7','098a2a14-d251-46d7-a652-2e521406c6e7','9428ee11-170d-445e-942c-28a17ac3ebfc','2018-05-09 12:52:52',0),('1b110744-0476-41b0-82fa-1eba1ec20099','26271400-d538-4a91-b576-37bbab70350b','8f0973c6-dd14-4ef8-96cd-94634ced62b9','9428ee11-170d-445e-942c-28a17ac3ebfc','2018-04-19 18:17:16',0),('1d244463-53d7-4175-8ca9-5fd48e9a6d46','ca975f9e-cc59-406a-a677-74f35fee3d99','098a2a14-d251-46d7-a652-2e521406c6e7','1','2018-05-08 13:23:41',0),('1eb4eb53-c59a-42b8-bd08-6e995d3b7013','c492eefa-bed0-47a5-aa4f-c27106b98583','098a2a14-d251-46d7-a652-2e521406c6e7','1','2018-05-09 12:57:18',0),('1ee29522-73a4-4152-b113-81a5255cb8ee','c70431a7-d2b6-4913-a0dd-1f900c8c1ab7','469673b6-aef5-4638-b41f-4450e3772228','9428ee11-170d-445e-942c-28a17ac3ebfc','2018-06-08 10:49:27',0),('24562184-1e7f-4e24-b9a7-d4bd4268a337','f6bdf474-838f-4670-ba3f-0f8cecee3ee7','098a2a14-d251-46d7-a652-2e521406c6e7','9428ee11-170d-445e-942c-28a17ac3ebfc','2018-05-09 12:52:52',0),('2858979d-0dd7-4de0-9608-59266f1226ac','c492eefa-bed0-47a5-aa4f-c27106b98583','098a2a14-d251-46d7-a652-2e521406c6e7','1','2018-05-09 12:57:18',0),('2a906e21-54b8-4b25-8393-47966c93fa27','ca975f9e-cc59-406a-a677-74f35fee3d99','6bc8d71f-1317-46c1-932d-66524cac46f5','9428ee11-170d-445e-942c-28a17ac3ebfc','2018-05-08 13:23:41',0),('303affab-8e55-45cd-aa19-2b0f50ace331','1aa3746d-0f69-4be4-9754-1da95897cc98','8f0973c6-dd14-4ef8-96cd-94634ced62b9','9428ee11-170d-445e-942c-28a17ac3ebfc','2018-06-08 10:54:05',0),('320dba60-a1a1-4393-a910-7694f07ab157','d07fd6d1-b85b-4a62-86f9-2c3d4856b7a8','098a2a14-d251-46d7-a652-2e521406c6e7','60755539-340d-4c95-a954-3ec781cc45bf','2018-05-05 14:45:18',0),('33d3ca79-d307-4559-b5be-7409a0b35347','6510c4a3-3b0c-403a-8fe1-b49bca2b8e2e','6bc8d71f-1317-46c1-932d-66524cac46f5','9428ee11-170d-445e-942c-28a17ac3ebfc','2018-06-08 10:58:40',0),('33edcc10-2322-433b-8e90-26ecda422dae','ca975f9e-cc59-406a-a677-74f35fee3d99','6bc8d71f-1317-46c1-932d-66524cac46f5','9428ee11-170d-445e-942c-28a17ac3ebfc','2018-05-08 13:23:41',0),('3489d50c-ce24-4b0f-9b94-410bafda423c','f94345b3-1aa7-4ab9-8e6f-d4afc91a9daa','8f0973c6-dd14-4ef8-96cd-94634ced62b9','60755539-340d-4c95-a954-3ec781cc45bf','2018-05-25 23:09:43',0),('34a99c9f-4d1e-4a04-a6c8-5c04b20a49d3','c655ec75-25ca-4561-87c1-59e7d8b4fe7e','6bc8d71f-1317-46c1-932d-66524cac46f5','60755539-340d-4c95-a954-3ec781cc45bf','2018-04-19 18:18:57',0),('38670242-8fdb-4130-8cb6-6c9a815f4782','3c243fe7-14f6-4404-9adb-2fa485045885','6bc8d71f-1317-46c1-932d-66524cac46f5','9428ee11-170d-445e-942c-28a17ac3ebfc','2018-05-26 10:07:12',0),('3bc94e61-3461-44ef-9f2a-01a4d06f6b13','1aa3746d-0f69-4be4-9754-1da95897cc98','6bc8d71f-1317-46c1-932d-66524cac46f5','60755539-340d-4c95-a954-3ec781cc45bf','2018-06-08 10:54:05',0),('3c993a18-e0e3-421f-b7e0-f7f007040c23','d07fd6d1-b85b-4a62-86f9-2c3d4856b7a8','098a2a14-d251-46d7-a652-2e521406c6e7','60755539-340d-4c95-a954-3ec781cc45bf','2018-05-05 14:45:18',0),('3f67e3ee-1b5f-46fb-9a7c-be2eaece297e','26271400-d538-4a91-b576-37bbab70350b','8f0973c6-dd14-4ef8-96cd-94634ced62b9','9428ee11-170d-445e-942c-28a17ac3ebfc','2018-04-19 18:17:16',0),('410e5fbb-fa0c-4f36-ab1a-77b780ad4b66','c492eefa-bed0-47a5-aa4f-c27106b98583','098a2a14-d251-46d7-a652-2e521406c6e7','1','2018-05-09 12:57:18',0),('442bfc67-b653-4c86-b12c-4c4f8ebf2b59','d07fd6d1-b85b-4a62-86f9-2c3d4856b7a8','098a2a14-d251-46d7-a652-2e521406c6e7','60755539-340d-4c95-a954-3ec781cc45bf','2018-05-05 14:45:18',0),('451b8dac-5f41-4973-9dc6-2e5222758597','f6bdf474-838f-4670-ba3f-0f8cecee3ee7','098a2a14-d251-46d7-a652-2e521406c6e7','9428ee11-170d-445e-942c-28a17ac3ebfc','2018-05-09 12:52:52',0),('4680d071-685d-4823-b5ad-584f88f88777','26271400-d538-4a91-b576-37bbab70350b','8f0973c6-dd14-4ef8-96cd-94634ced62b9','9428ee11-170d-445e-942c-28a17ac3ebfc','2018-04-19 18:17:16',0),('468fee4f-7dbf-42a6-b8da-2a3050317a4e','10b24bc7-e1c4-472c-91af-0185b96db897','469673b6-aef5-4638-b41f-4450e3772228','60755539-340d-4c95-a954-3ec781cc45bf','2018-05-09 12:48:52',0),('4884b7df-f1dd-4f12-9bd5-efff39d0ee56','c492eefa-bed0-47a5-aa4f-c27106b98583','098a2a14-d251-46d7-a652-2e521406c6e7','1','2018-05-09 12:57:18',0),('48c48032-f5e0-4912-9c0b-efd11577f136','26271400-d538-4a91-b576-37bbab70350b','8f0973c6-dd14-4ef8-96cd-94634ced62b9','9428ee11-170d-445e-942c-28a17ac3ebfc','2018-04-19 18:17:16',0),('492ec584-45aa-4934-8c75-40417a9bd576','26271400-d538-4a91-b576-37bbab70350b','8f0973c6-dd14-4ef8-96cd-94634ced62b9','9428ee11-170d-445e-942c-28a17ac3ebfc','2018-04-19 18:17:16',0),('4b17fc2b-38f1-4626-8ed7-0758720436e1','3c243fe7-14f6-4404-9adb-2fa485045885','acc0e8c8-58a8-490f-ac7e-8ca8d63c3ee7','60755539-340d-4c95-a954-3ec781cc45bf','2018-05-26 10:07:12',0),('4b18c3ce-7b99-42cc-abfb-c02e20f983b9','1aa3746d-0f69-4be4-9754-1da95897cc98','098a2a14-d251-46d7-a652-2e521406c6e7','60755539-340d-4c95-a954-3ec781cc45bf','2018-06-08 10:54:05',0),('4d865a39-be3c-4270-859d-7505330011be','f6bdf474-838f-4670-ba3f-0f8cecee3ee7','098a2a14-d251-46d7-a652-2e521406c6e7','9428ee11-170d-445e-942c-28a17ac3ebfc','2018-05-09 12:52:52',0),('4e7b6dee-59dd-4b4c-a7a4-fd8f490a0fb5','26271400-d538-4a91-b576-37bbab70350b','8f0973c6-dd14-4ef8-96cd-94634ced62b9','9428ee11-170d-445e-942c-28a17ac3ebfc','2018-04-19 18:17:16',0),('4fc87dc3-0318-4c66-99b7-c6395ab10418','d07fd6d1-b85b-4a62-86f9-2c3d4856b7a8','098a2a14-d251-46d7-a652-2e521406c6e7','60755539-340d-4c95-a954-3ec781cc45bf','2018-05-05 14:45:18',0),('5406c1dc-d14c-4e1f-ad62-a87dc2a8178f','c655ec75-25ca-4561-87c1-59e7d8b4fe7e','8f0973c6-dd14-4ef8-96cd-94634ced62b9','1','2018-04-19 18:18:57',0),('558fcd54-b9b9-49f6-8dea-99df61e5dd90','26271400-d538-4a91-b576-37bbab70350b','8f0973c6-dd14-4ef8-96cd-94634ced62b9','9428ee11-170d-445e-942c-28a17ac3ebfc','2018-04-19 18:17:16',0),('55ba7383-4522-4efb-8093-d936c46d6fa6','f6bdf474-838f-4670-ba3f-0f8cecee3ee7','098a2a14-d251-46d7-a652-2e521406c6e7','9428ee11-170d-445e-942c-28a17ac3ebfc','2018-05-09 12:52:52',0),('55efd8f9-158f-474f-8b2d-d2827c9f71b5','c492eefa-bed0-47a5-aa4f-c27106b98583','098a2a14-d251-46d7-a652-2e521406c6e7','1','2018-05-09 12:57:18',0),('56b85f6f-87aa-4f4f-9c8b-6d5539a27b7b','1aa3746d-0f69-4be4-9754-1da95897cc98','6bc8d71f-1317-46c1-932d-66524cac46f5','60755539-340d-4c95-a954-3ec781cc45bf','2018-06-08 10:54:05',0),('5a0acb5b-a054-4287-9a9e-5fd307acb187','10b24bc7-e1c4-472c-91af-0185b96db897','469673b6-aef5-4638-b41f-4450e3772228','60755539-340d-4c95-a954-3ec781cc45bf','2018-05-09 12:48:52',0),('5b7e50e5-7c0d-4795-a8a9-24ab1aaeae1b','f94345b3-1aa7-4ab9-8e6f-d4afc91a9daa','098a2a14-d251-46d7-a652-2e521406c6e7','9428ee11-170d-445e-942c-28a17ac3ebfc','2018-05-25 23:09:42',0),('5bcf2126-a105-4ca1-99e9-dd5738191b0d','1aa3746d-0f69-4be4-9754-1da95897cc98','098a2a14-d251-46d7-a652-2e521406c6e7','60755539-340d-4c95-a954-3ec781cc45bf','2018-06-08 10:54:05',0),('5c88f5ef-db8c-4ef8-b257-1e6fe5f82697','f6bdf474-838f-4670-ba3f-0f8cecee3ee7','098a2a14-d251-46d7-a652-2e521406c6e7','9428ee11-170d-445e-942c-28a17ac3ebfc','2018-05-09 12:52:52',0),('5ca3e950-134b-4364-9566-3363d5e4477f','c492eefa-bed0-47a5-aa4f-c27106b98583','098a2a14-d251-46d7-a652-2e521406c6e7','1','2018-05-09 12:57:18',0),('5cb40a73-cb81-49d3-947b-1961651fbee0','10b24bc7-e1c4-472c-91af-0185b96db897','469673b6-aef5-4638-b41f-4450e3772228','60755539-340d-4c95-a954-3ec781cc45bf','2018-05-09 12:48:52',0),('5cbad496-b083-4974-909a-36779ff4c795','ca975f9e-cc59-406a-a677-74f35fee3d99','098a2a14-d251-46d7-a652-2e521406c6e7','1','2018-05-08 13:23:41',0),('5ee974be-a7db-4ba9-a61c-b63a4c680c2b','c492eefa-bed0-47a5-aa4f-c27106b98583','098a2a14-d251-46d7-a652-2e521406c6e7','1','2018-05-09 12:57:18',0),('61fbe846-83e4-4908-8928-62f3030791a7','c70431a7-d2b6-4913-a0dd-1f900c8c1ab7','098a2a14-d251-46d7-a652-2e521406c6e7','9428ee11-170d-445e-942c-28a17ac3ebfc','2018-06-08 10:49:27',0),('620dd31a-d91c-466c-a207-77b4f2293188','f6bdf474-838f-4670-ba3f-0f8cecee3ee7','098a2a14-d251-46d7-a652-2e521406c6e7','9428ee11-170d-445e-942c-28a17ac3ebfc','2018-05-09 12:52:52',0),('629c286e-1146-459d-8f58-8d14b788d48f','26271400-d538-4a91-b576-37bbab70350b','8f0973c6-dd14-4ef8-96cd-94634ced62b9','9428ee11-170d-445e-942c-28a17ac3ebfc','2018-04-19 18:17:16',0),('637c71e7-c294-4c04-b958-870e712c1e0a','c655ec75-25ca-4561-87c1-59e7d8b4fe7e','6bc8d71f-1317-46c1-932d-66524cac46f5','60755539-340d-4c95-a954-3ec781cc45bf','2018-04-19 18:18:57',0),('63ce7a48-81a4-431d-b6b2-fae82a2ea05e','1aa3746d-0f69-4be4-9754-1da95897cc98','098a2a14-d251-46d7-a652-2e521406c6e7','60755539-340d-4c95-a954-3ec781cc45bf','2018-06-08 10:54:05',0),('640d7350-be0d-4bb9-970f-e13d7f4bed25','d07fd6d1-b85b-4a62-86f9-2c3d4856b7a8','6bc8d71f-1317-46c1-932d-66524cac46f5','9428ee11-170d-445e-942c-28a17ac3ebfc','2018-05-05 14:45:18',0),('655e567f-e3d4-4ee0-97e4-9f9b385367d0','1aa3746d-0f69-4be4-9754-1da95897cc98','6bc8d71f-1317-46c1-932d-66524cac46f5','60755539-340d-4c95-a954-3ec781cc45bf','2018-06-08 10:54:05',0),('658cd782-a6c0-4b32-abaa-6aedf3924112','c655ec75-25ca-4561-87c1-59e7d8b4fe7e','6bc8d71f-1317-46c1-932d-66524cac46f5','60755539-340d-4c95-a954-3ec781cc45bf','2018-04-19 18:18:57',0),('6b274241-87a4-48ab-a64e-0ceea5fb8914','d07fd6d1-b85b-4a62-86f9-2c3d4856b7a8','6bc8d71f-1317-46c1-932d-66524cac46f5','9428ee11-170d-445e-942c-28a17ac3ebfc','2018-05-05 14:45:18',0),('6d592e98-d36a-4b49-a69d-4e6b2440df73','c655ec75-25ca-4561-87c1-59e7d8b4fe7e','6bc8d71f-1317-46c1-932d-66524cac46f5','60755539-340d-4c95-a954-3ec781cc45bf','2018-04-19 18:18:57',0),('6e770f61-5c36-43f3-861b-43a28159c61e','10b24bc7-e1c4-472c-91af-0185b96db897','469673b6-aef5-4638-b41f-4450e3772228','60755539-340d-4c95-a954-3ec781cc45bf','2018-05-09 12:48:52',0),('710f947b-03bb-4c7c-b75e-fe0f00ad9b56','c70431a7-d2b6-4913-a0dd-1f900c8c1ab7','098a2a14-d251-46d7-a652-2e521406c6e7','9428ee11-170d-445e-942c-28a17ac3ebfc','2018-06-08 10:49:27',0),('722d5614-b799-4b92-ac2a-cb74e66e3493','6510c4a3-3b0c-403a-8fe1-b49bca2b8e2e','098a2a14-d251-46d7-a652-2e521406c6e7','1','2018-06-08 10:58:41',0),('72a29d6d-69b5-448e-872f-c1d5c1905d39','c492eefa-bed0-47a5-aa4f-c27106b98583','098a2a14-d251-46d7-a652-2e521406c6e7','1','2018-05-09 12:57:18',0),('738c4413-0722-4f68-abb1-03f4a8af7fc2','1be1a79a-72e8-45db-979e-4888d79d89ea','6bc8d71f-1317-46c1-932d-66524cac46f5','60755539-340d-4c95-a954-3ec781cc45bf','2018-06-08 11:02:22',0),('74b8d426-91a5-42c0-b54a-0bd5dcbf881a','ca975f9e-cc59-406a-a677-74f35fee3d99','6bc8d71f-1317-46c1-932d-66524cac46f5','9428ee11-170d-445e-942c-28a17ac3ebfc','2018-05-08 13:23:41',0),('75cb0310-83be-47b1-b08c-9f031535ec0a','d07fd6d1-b85b-4a62-86f9-2c3d4856b7a8','098a2a14-d251-46d7-a652-2e521406c6e7','60755539-340d-4c95-a954-3ec781cc45bf','2018-05-05 14:45:18',0),('766e5a2d-a287-4a82-922f-8080e6dfa4c4','d07fd6d1-b85b-4a62-86f9-2c3d4856b7a8','6bc8d71f-1317-46c1-932d-66524cac46f5','9428ee11-170d-445e-942c-28a17ac3ebfc','2018-05-05 14:45:17',0),('77aa019f-cb25-4795-bb76-0ef9d5f0b422','26271400-d538-4a91-b576-37bbab70350b','8f0973c6-dd14-4ef8-96cd-94634ced62b9','9428ee11-170d-445e-942c-28a17ac3ebfc','2018-04-19 18:17:16',0),('783bcac6-77eb-4085-93bc-a8fc3f687224','f6bdf474-838f-4670-ba3f-0f8cecee3ee7','098a2a14-d251-46d7-a652-2e521406c6e7','9428ee11-170d-445e-942c-28a17ac3ebfc','2018-05-09 12:52:52',0),('78a2f123-96f5-459c-8c2a-81a0b13e461e','ca975f9e-cc59-406a-a677-74f35fee3d99','6bc8d71f-1317-46c1-932d-66524cac46f5','9428ee11-170d-445e-942c-28a17ac3ebfc','2018-05-08 13:23:41',0),('7b064956-f040-41e5-bf13-7e03e2df9da4','d07fd6d1-b85b-4a62-86f9-2c3d4856b7a8','098a2a14-d251-46d7-a652-2e521406c6e7','60755539-340d-4c95-a954-3ec781cc45bf','2018-05-05 14:45:18',0),('7b5af1ee-d7fc-425c-a068-1f3c8a4ed612','c492eefa-bed0-47a5-aa4f-c27106b98583','098a2a14-d251-46d7-a652-2e521406c6e7','1','2018-05-09 12:57:18',0),('7c82c9ff-22a3-479f-941b-e8b2a5c3cecb','c492eefa-bed0-47a5-aa4f-c27106b98583','098a2a14-d251-46d7-a652-2e521406c6e7','1','2018-05-09 12:57:18',0),('7d9eba43-2feb-4a62-84f5-f99c2e14d475','26271400-d538-4a91-b576-37bbab70350b','8f0973c6-dd14-4ef8-96cd-94634ced62b9','9428ee11-170d-445e-942c-28a17ac3ebfc','2018-04-19 18:17:16',0),('7daa91d1-c0f2-4527-a5d0-ce0502fa7338','c655ec75-25ca-4561-87c1-59e7d8b4fe7e','6bc8d71f-1317-46c1-932d-66524cac46f5','60755539-340d-4c95-a954-3ec781cc45bf','2018-04-19 18:18:57',0),('7de9bf42-b9ee-4694-ac03-ac7b7983e358','d07fd6d1-b85b-4a62-86f9-2c3d4856b7a8','6bc8d71f-1317-46c1-932d-66524cac46f5','9428ee11-170d-445e-942c-28a17ac3ebfc','2018-05-05 14:45:18',0),('804d0bba-b836-4e1c-a8dd-3ec85ad75659','6510c4a3-3b0c-403a-8fe1-b49bca2b8e2e','098a2a14-d251-46d7-a652-2e521406c6e7','1','2018-06-08 10:58:41',0),('8378fbf5-cf00-4161-a2e1-905e8a53e215','ca975f9e-cc59-406a-a677-74f35fee3d99','6bc8d71f-1317-46c1-932d-66524cac46f5','9428ee11-170d-445e-942c-28a17ac3ebfc','2018-05-08 13:23:41',0),('83cdd80b-e3f9-4fc3-82b3-7023548a802c','d07fd6d1-b85b-4a62-86f9-2c3d4856b7a8','098a2a14-d251-46d7-a652-2e521406c6e7','60755539-340d-4c95-a954-3ec781cc45bf','2018-05-05 14:45:18',0),('84251d8c-9a67-4116-9ea1-12920d2a2e15','6510c4a3-3b0c-403a-8fe1-b49bca2b8e2e','6bc8d71f-1317-46c1-932d-66524cac46f5','9428ee11-170d-445e-942c-28a17ac3ebfc','2018-06-08 10:58:40',0),('84ec961b-6319-496f-a73c-93d14d9b7134','26271400-d538-4a91-b576-37bbab70350b','8f0973c6-dd14-4ef8-96cd-94634ced62b9','9428ee11-170d-445e-942c-28a17ac3ebfc','2018-04-19 18:17:16',0),('85b7da73-0e70-4abe-bc37-8fed8a13e671','26271400-d538-4a91-b576-37bbab70350b','8f0973c6-dd14-4ef8-96cd-94634ced62b9','9428ee11-170d-445e-942c-28a17ac3ebfc','2018-04-19 18:17:16',0),('878c3ab6-ba98-4bef-b6b8-4972ea0bcb32','c492eefa-bed0-47a5-aa4f-c27106b98583','098a2a14-d251-46d7-a652-2e521406c6e7','1','2018-05-09 12:57:18',0),('8a7d66b5-4b75-4b21-90df-8a513062c112','ca975f9e-cc59-406a-a677-74f35fee3d99','6bc8d71f-1317-46c1-932d-66524cac46f5','9428ee11-170d-445e-942c-28a17ac3ebfc','2018-05-08 13:23:41',0),('91015457-4e0b-4382-b34e-57787f2bed45','3c243fe7-14f6-4404-9adb-2fa485045885','acc0e8c8-58a8-490f-ac7e-8ca8d63c3ee7','60755539-340d-4c95-a954-3ec781cc45bf','2018-05-26 10:07:12',0),('95f41211-f14e-418e-93b8-9739e6cd9aaf','c70431a7-d2b6-4913-a0dd-1f900c8c1ab7','469673b6-aef5-4638-b41f-4450e3772228','9428ee11-170d-445e-942c-28a17ac3ebfc','2018-06-08 10:49:27',0),('9b4c8837-20e0-4087-b2fd-3cf01935a74f','d07fd6d1-b85b-4a62-86f9-2c3d4856b7a8','098a2a14-d251-46d7-a652-2e521406c6e7','60755539-340d-4c95-a954-3ec781cc45bf','2018-05-05 14:45:18',0),('9f43744e-b961-4b32-add3-a92f50e0b5ac','3c243fe7-14f6-4404-9adb-2fa485045885','6bc8d71f-1317-46c1-932d-66524cac46f5','60755539-340d-4c95-a954-3ec781cc45bf','2018-05-26 10:07:12',0),('a2cf0f76-fc1d-4b65-9644-239e1d985cfd','d07fd6d1-b85b-4a62-86f9-2c3d4856b7a8','098a2a14-d251-46d7-a652-2e521406c6e7','60755539-340d-4c95-a954-3ec781cc45bf','2018-05-05 14:45:18',0),('a45c11de-df24-4817-b773-ed8778d359ca','d07fd6d1-b85b-4a62-86f9-2c3d4856b7a8','098a2a14-d251-46d7-a652-2e521406c6e7','60755539-340d-4c95-a954-3ec781cc45bf','2018-05-05 14:45:18',0),('a59d36ec-3d89-4e30-8a68-dbed6b1fadd4','d07fd6d1-b85b-4a62-86f9-2c3d4856b7a8','098a2a14-d251-46d7-a652-2e521406c6e7','60755539-340d-4c95-a954-3ec781cc45bf','2018-05-05 14:45:18',0),('a6594e85-320c-40e6-af06-75c7168d86ea','c70431a7-d2b6-4913-a0dd-1f900c8c1ab7','098a2a14-d251-46d7-a652-2e521406c6e7','9428ee11-170d-445e-942c-28a17ac3ebfc','2018-06-08 10:49:27',0),('a6d04515-17e8-45b6-ab4c-035d71fa5e95','d07fd6d1-b85b-4a62-86f9-2c3d4856b7a8','098a2a14-d251-46d7-a652-2e521406c6e7','60755539-340d-4c95-a954-3ec781cc45bf','2018-05-05 14:45:18',0),('a9b78d9e-dc66-4631-9cac-4851a33a5518','3c243fe7-14f6-4404-9adb-2fa485045885','6bc8d71f-1317-46c1-932d-66524cac46f5','60755539-340d-4c95-a954-3ec781cc45bf','2018-05-26 10:07:12',0),('ab11bd25-a7c0-4f87-933f-714deeba0c1c','10b24bc7-e1c4-472c-91af-0185b96db897','469673b6-aef5-4638-b41f-4450e3772228','60755539-340d-4c95-a954-3ec781cc45bf','2018-05-09 12:48:52',0),('acd16440-4237-4291-8f25-a597cd7d9927','1aa3746d-0f69-4be4-9754-1da95897cc98','098a2a14-d251-46d7-a652-2e521406c6e7','60755539-340d-4c95-a954-3ec781cc45bf','2018-06-08 10:54:05',0),('ad95e22c-c872-40b7-9e60-5026448fefb6','26271400-d538-4a91-b576-37bbab70350b','8f0973c6-dd14-4ef8-96cd-94634ced62b9','9428ee11-170d-445e-942c-28a17ac3ebfc','2018-04-19 18:17:16',0),('ae9b9349-1dba-4d9f-ac99-2b760a4d7e02','26271400-d538-4a91-b576-37bbab70350b','8f0973c6-dd14-4ef8-96cd-94634ced62b9','9428ee11-170d-445e-942c-28a17ac3ebfc','2018-04-19 18:17:16',0),('afcff975-bf59-43a8-a655-7a7d6008f162','1be1a79a-72e8-45db-979e-4888d79d89ea','6bc8d71f-1317-46c1-932d-66524cac46f5','60755539-340d-4c95-a954-3ec781cc45bf','2018-06-08 11:02:22',0),('b0a32646-a833-4aff-849f-be30da16190b','ca975f9e-cc59-406a-a677-74f35fee3d99','6bc8d71f-1317-46c1-932d-66524cac46f5','9428ee11-170d-445e-942c-28a17ac3ebfc','2018-05-08 13:23:41',0),('b11b88d9-c116-49e2-bef0-489882980c5c','f6bdf474-838f-4670-ba3f-0f8cecee3ee7','098a2a14-d251-46d7-a652-2e521406c6e7','9428ee11-170d-445e-942c-28a17ac3ebfc','2018-05-09 12:52:52',0),('b60eedce-5db5-4a43-9dee-37caf9807bff','10b24bc7-e1c4-472c-91af-0185b96db897','469673b6-aef5-4638-b41f-4450e3772228','60755539-340d-4c95-a954-3ec781cc45bf','2018-05-09 12:48:52',0),('b62f99d7-8d37-4fa1-9343-0e7b934fe02b','d07fd6d1-b85b-4a62-86f9-2c3d4856b7a8','6bc8d71f-1317-46c1-932d-66524cac46f5','9428ee11-170d-445e-942c-28a17ac3ebfc','2018-05-05 14:45:17',0),('b6ae141b-59b5-4916-a918-9d22ded11e5b','10b24bc7-e1c4-472c-91af-0185b96db897','469673b6-aef5-4638-b41f-4450e3772228','60755539-340d-4c95-a954-3ec781cc45bf','2018-05-09 12:48:52',0),('b7c68a24-e267-4f25-a522-e70ec06732f7','d07fd6d1-b85b-4a62-86f9-2c3d4856b7a8','6bc8d71f-1317-46c1-932d-66524cac46f5','9428ee11-170d-445e-942c-28a17ac3ebfc','2018-05-05 14:45:18',0),('ba8c503b-502e-4493-9b58-4915d0dd58d3','c492eefa-bed0-47a5-aa4f-c27106b98583','098a2a14-d251-46d7-a652-2e521406c6e7','1','2018-05-09 12:57:18',0),('bbf85edd-c131-45aa-95ca-e2edf964c1b4','ca975f9e-cc59-406a-a677-74f35fee3d99','6bc8d71f-1317-46c1-932d-66524cac46f5','9428ee11-170d-445e-942c-28a17ac3ebfc','2018-05-08 13:23:41',0),('bd0f48bc-581b-473f-bbb8-5f2602927d56','3c243fe7-14f6-4404-9adb-2fa485045885','acc0e8c8-58a8-490f-ac7e-8ca8d63c3ee7','60755539-340d-4c95-a954-3ec781cc45bf','2018-05-26 10:07:12',0),('bf038ff7-504d-4822-af80-3e7e29ca5c0f','c492eefa-bed0-47a5-aa4f-c27106b98583','098a2a14-d251-46d7-a652-2e521406c6e7','1','2018-05-09 12:57:18',0),('c1035de7-4749-4027-be42-573ac6fb6bb0','26271400-d538-4a91-b576-37bbab70350b','8f0973c6-dd14-4ef8-96cd-94634ced62b9','9428ee11-170d-445e-942c-28a17ac3ebfc','2018-04-19 18:17:16',0),('c20d251b-4b33-4848-86f2-bbe55e865f0d','ca975f9e-cc59-406a-a677-74f35fee3d99','6bc8d71f-1317-46c1-932d-66524cac46f5','9428ee11-170d-445e-942c-28a17ac3ebfc','2018-05-08 13:23:41',0),('c30a47d0-6adb-41b3-915e-24898fd16317','c655ec75-25ca-4561-87c1-59e7d8b4fe7e','8f0973c6-dd14-4ef8-96cd-94634ced62b9','1','2018-04-19 18:18:57',0),('c4049af5-08fa-4cb9-bf0b-098986a1f646','1aa3746d-0f69-4be4-9754-1da95897cc98','098a2a14-d251-46d7-a652-2e521406c6e7','60755539-340d-4c95-a954-3ec781cc45bf','2018-06-08 10:54:05',0),('c4f2d9e3-1a6f-4c0f-82f2-d2e2b2d1d812','d07fd6d1-b85b-4a62-86f9-2c3d4856b7a8','6bc8d71f-1317-46c1-932d-66524cac46f5','9428ee11-170d-445e-942c-28a17ac3ebfc','2018-05-05 14:45:17',0),('c5f8a762-8041-4fd8-b199-885cc0d78cd3','f94345b3-1aa7-4ab9-8e6f-d4afc91a9daa','8f0973c6-dd14-4ef8-96cd-94634ced62b9','60755539-340d-4c95-a954-3ec781cc45bf','2018-05-25 23:09:43',0),('c6b2f0ec-6fd1-465b-81d1-ef511ac1b9c1','26271400-d538-4a91-b576-37bbab70350b','8f0973c6-dd14-4ef8-96cd-94634ced62b9','9428ee11-170d-445e-942c-28a17ac3ebfc','2018-04-19 18:17:16',0),('c77da8f8-1cb1-4dfb-8d93-d03a022eb797','f94345b3-1aa7-4ab9-8e6f-d4afc91a9daa','098a2a14-d251-46d7-a652-2e521406c6e7','9428ee11-170d-445e-942c-28a17ac3ebfc','2018-05-25 23:09:43',0),('c7db3e05-9da6-4b43-ac00-3cd3a1d4ee61','ca975f9e-cc59-406a-a677-74f35fee3d99','6bc8d71f-1317-46c1-932d-66524cac46f5','9428ee11-170d-445e-942c-28a17ac3ebfc','2018-05-08 13:23:41',0),('c7e68cdc-70a1-4de4-89ad-3933e1c71aa7','c492eefa-bed0-47a5-aa4f-c27106b98583','098a2a14-d251-46d7-a652-2e521406c6e7','1','2018-05-09 12:57:18',0),('c8691c5a-ea22-471a-aed2-24837e67349d','f94345b3-1aa7-4ab9-8e6f-d4afc91a9daa','8f0973c6-dd14-4ef8-96cd-94634ced62b9','60755539-340d-4c95-a954-3ec781cc45bf','2018-05-25 23:09:42',0),('c87e1d9f-273d-42ca-8afd-637d2ca33283','c70431a7-d2b6-4913-a0dd-1f900c8c1ab7','098a2a14-d251-46d7-a652-2e521406c6e7','9428ee11-170d-445e-942c-28a17ac3ebfc','2018-06-08 10:49:27',0),('cb8d6d38-0c1e-4cf9-92af-312566c24a54','d07fd6d1-b85b-4a62-86f9-2c3d4856b7a8','098a2a14-d251-46d7-a652-2e521406c6e7','60755539-340d-4c95-a954-3ec781cc45bf','2018-05-05 14:45:17',0),('cc20131c-92ad-448d-bf4e-c00bf4daa76c','1be1a79a-72e8-45db-979e-4888d79d89ea','469673b6-aef5-4638-b41f-4450e3772228','9428ee11-170d-445e-942c-28a17ac3ebfc','2018-06-08 11:02:22',0),('ccce1f91-7650-4bb8-9962-a0d761371ff7','c492eefa-bed0-47a5-aa4f-c27106b98583','098a2a14-d251-46d7-a652-2e521406c6e7','1','2018-05-09 12:57:18',0),('cd6aee11-7b37-4152-a4f6-24e3f75ede16','6510c4a3-3b0c-403a-8fe1-b49bca2b8e2e','098a2a14-d251-46d7-a652-2e521406c6e7','1','2018-06-08 10:58:41',0),('d368018e-628d-4d30-a201-dc53172d6f6e','10b24bc7-e1c4-472c-91af-0185b96db897','469673b6-aef5-4638-b41f-4450e3772228','60755539-340d-4c95-a954-3ec781cc45bf','2018-05-09 12:48:52',0),('d3ccd92b-d1ea-41e4-ab57-0f1f73c011e2','3c243fe7-14f6-4404-9adb-2fa485045885','acc0e8c8-58a8-490f-ac7e-8ca8d63c3ee7','60755539-340d-4c95-a954-3ec781cc45bf','2018-05-26 10:07:12',0),('d8ea38ee-00c6-4c4a-a788-0fc5e76af2eb','d07fd6d1-b85b-4a62-86f9-2c3d4856b7a8','098a2a14-d251-46d7-a652-2e521406c6e7','60755539-340d-4c95-a954-3ec781cc45bf','2018-05-05 14:45:18',0),('da366cd6-6ff1-4e55-a5df-be619d81b02c','6510c4a3-3b0c-403a-8fe1-b49bca2b8e2e','098a2a14-d251-46d7-a652-2e521406c6e7','1','2018-06-08 10:58:40',0),('dacc0047-4faa-4c91-a1d8-f82cb61b5ce2','10b24bc7-e1c4-472c-91af-0185b96db897','469673b6-aef5-4638-b41f-4450e3772228','60755539-340d-4c95-a954-3ec781cc45bf','2018-05-09 12:48:52',0),('dad6ba56-7603-45a3-97dc-b9ed740a7653','d07fd6d1-b85b-4a62-86f9-2c3d4856b7a8','6bc8d71f-1317-46c1-932d-66524cac46f5','9428ee11-170d-445e-942c-28a17ac3ebfc','2018-05-05 14:45:17',0),('dbf1b743-ec08-42b6-9c89-9ca9fff79177','f94345b3-1aa7-4ab9-8e6f-d4afc91a9daa','098a2a14-d251-46d7-a652-2e521406c6e7','9428ee11-170d-445e-942c-28a17ac3ebfc','2018-05-25 23:09:43',0),('dc110277-597d-44aa-9565-1437ffbca94c','c492eefa-bed0-47a5-aa4f-c27106b98583','098a2a14-d251-46d7-a652-2e521406c6e7','1','2018-05-09 12:57:18',0),('dca9943e-9546-4667-84a4-6c4dd5a57cd9','3c243fe7-14f6-4404-9adb-2fa485045885','6bc8d71f-1317-46c1-932d-66524cac46f5','9428ee11-170d-445e-942c-28a17ac3ebfc','2018-05-26 10:07:12',0),('dd1ea372-1fe8-47da-a4db-93bc23d19086','d07fd6d1-b85b-4a62-86f9-2c3d4856b7a8','098a2a14-d251-46d7-a652-2e521406c6e7','60755539-340d-4c95-a954-3ec781cc45bf','2018-05-05 14:45:18',0),('de2a0f6f-16d2-4106-82ba-79dd4ea11a15','d07fd6d1-b85b-4a62-86f9-2c3d4856b7a8','098a2a14-d251-46d7-a652-2e521406c6e7','60755539-340d-4c95-a954-3ec781cc45bf','2018-05-05 14:45:18',0),('e22d12e8-27cf-4342-ae7f-9210c64d0904','f6bdf474-838f-4670-ba3f-0f8cecee3ee7','098a2a14-d251-46d7-a652-2e521406c6e7','9428ee11-170d-445e-942c-28a17ac3ebfc','2018-05-09 12:52:52',0),('e27b0fa9-8b8c-4a51-88d0-6f7b68c83e21','1aa3746d-0f69-4be4-9754-1da95897cc98','6bc8d71f-1317-46c1-932d-66524cac46f5','60755539-340d-4c95-a954-3ec781cc45bf','2018-06-08 10:54:05',0),('e41c60f0-a840-45a5-aa95-aed1fce58320','1be1a79a-72e8-45db-979e-4888d79d89ea','469673b6-aef5-4638-b41f-4450e3772228','9428ee11-170d-445e-942c-28a17ac3ebfc','2018-06-08 11:02:22',0),('e47a8c2c-1cbb-470f-a18a-246611353477','3c243fe7-14f6-4404-9adb-2fa485045885','6bc8d71f-1317-46c1-932d-66524cac46f5','60755539-340d-4c95-a954-3ec781cc45bf','2018-05-26 10:07:12',0),('e4813e56-5bad-4c75-933a-be6aa4554a0b','6510c4a3-3b0c-403a-8fe1-b49bca2b8e2e','098a2a14-d251-46d7-a652-2e521406c6e7','1','2018-06-08 10:58:41',0),('e6a87a4f-d5d5-4d3a-8ee1-c4e7d92c783c','1aa3746d-0f69-4be4-9754-1da95897cc98','098a2a14-d251-46d7-a652-2e521406c6e7','60755539-340d-4c95-a954-3ec781cc45bf','2018-06-08 10:54:05',0),('e91439e7-cd32-4d9a-a437-34ed39016f6d','d07fd6d1-b85b-4a62-86f9-2c3d4856b7a8','098a2a14-d251-46d7-a652-2e521406c6e7','60755539-340d-4c95-a954-3ec781cc45bf','2018-05-05 14:45:18',0),('e9de1c43-3d90-4a18-a95f-58659e1904c2','c492eefa-bed0-47a5-aa4f-c27106b98583','098a2a14-d251-46d7-a652-2e521406c6e7','1','2018-05-09 12:57:18',0),('ea494f1f-bf0d-483f-a019-7c523ea0f652','c70431a7-d2b6-4913-a0dd-1f900c8c1ab7','098a2a14-d251-46d7-a652-2e521406c6e7','9428ee11-170d-445e-942c-28a17ac3ebfc','2018-06-08 10:49:27',0),('f1eb1bdb-36c2-400f-9ece-b7d9579a0867','3c243fe7-14f6-4404-9adb-2fa485045885','6bc8d71f-1317-46c1-932d-66524cac46f5','60755539-340d-4c95-a954-3ec781cc45bf','2018-05-26 10:07:12',0),('f39695c1-54f5-4cc1-9a7e-4df57bf40e14','c655ec75-25ca-4561-87c1-59e7d8b4fe7e','6bc8d71f-1317-46c1-932d-66524cac46f5','60755539-340d-4c95-a954-3ec781cc45bf','2018-04-19 18:18:57',0),('f47b637e-ce69-45df-9cfe-f6db4fcf20c6','c492eefa-bed0-47a5-aa4f-c27106b98583','098a2a14-d251-46d7-a652-2e521406c6e7','1','2018-05-09 12:57:18',0),('f60f2f54-4890-4f45-a598-df21e7b6b527','d07fd6d1-b85b-4a62-86f9-2c3d4856b7a8','6bc8d71f-1317-46c1-932d-66524cac46f5','9428ee11-170d-445e-942c-28a17ac3ebfc','2018-05-05 14:45:17',0),('f6c12b8d-97ed-4178-995d-a347f4e94112','3c243fe7-14f6-4404-9adb-2fa485045885','acc0e8c8-58a8-490f-ac7e-8ca8d63c3ee7','60755539-340d-4c95-a954-3ec781cc45bf','2018-05-26 10:07:12',0),('f7089b53-8bd4-41c1-aab4-de04c7c485c8','f94345b3-1aa7-4ab9-8e6f-d4afc91a9daa','098a2a14-d251-46d7-a652-2e521406c6e7','9428ee11-170d-445e-942c-28a17ac3ebfc','2018-05-25 23:09:43',0),('f9d607e7-9ed2-4a09-8612-afeeafda19e4','3c243fe7-14f6-4404-9adb-2fa485045885','6bc8d71f-1317-46c1-932d-66524cac46f5','9428ee11-170d-445e-942c-28a17ac3ebfc','2018-05-26 10:07:12',0),('febc88fc-ae14-460d-b732-012d5fb88447','d07fd6d1-b85b-4a62-86f9-2c3d4856b7a8','098a2a14-d251-46d7-a652-2e521406c6e7','60755539-340d-4c95-a954-3ec781cc45bf','2018-05-05 14:45:18',0),('ff40d925-5991-41ae-8276-7014522c4f16','c655ec75-25ca-4561-87c1-59e7d8b4fe7e','6bc8d71f-1317-46c1-932d-66524cac46f5','60755539-340d-4c95-a954-3ec781cc45bf','2018-04-19 18:18:57',0),('ff9c756d-55cc-4dd2-b9fc-ac0cf5f0664e','d07fd6d1-b85b-4a62-86f9-2c3d4856b7a8','6bc8d71f-1317-46c1-932d-66524cac46f5','9428ee11-170d-445e-942c-28a17ac3ebfc','2018-05-05 14:45:17',0);

/*Table structure for table `sys_permission` */

DROP TABLE IF EXISTS `sys_permission`;

CREATE TABLE `sys_permission` (
  `id` varchar(128) NOT NULL COMMENT '主键',
  `name` varchar(128) DEFAULT NULL COMMENT '名称',
  `resource_type` varchar(30) DEFAULT NULL COMMENT '资源类型',
  `url` varchar(128) DEFAULT NULL COMMENT '访问路径',
  `permission` varchar(50) DEFAULT NULL COMMENT '权限类型：例如create,delete...',
  `parent_id` varchar(128) DEFAULT NULL COMMENT '父编号',
  `available` tinyint(1) DEFAULT NULL COMMENT '是否可用',
  `createTime` datetime DEFAULT NULL COMMENT '创建时间',
  `sort` int(11) DEFAULT NULL COMMENT '排序',
  PRIMARY KEY (`id`)
) ENGINE=InnoDB DEFAULT CHARSET=utf8;

/*Data for the table `sys_permission` */

insert  into `sys_permission`(`id`,`name`,`resource_type`,`url`,`permission`,`parent_id`,`available`,`createTime`,`sort`) values ('1','权限管理','query','javascript:;','SysR',NULL,1,'2018-02-26 17:51:15',1),('2','用户管理','insert','/userManager/queryList','userList:List','1',1,'2018-02-27 10:38:00',1),('31bca1c3-784a-468b-b181-6109feb1bf1c','衣物类型','query','/clothesType/queryList','clothesType:List','a7341922-ab81-4715-8b5e-a9a274b925d9',1,'2018-03-19 14:32:03',2),('3563763d-a457-4c69-90be-dad89deabaf3','预定管理','query','order/queryReservationList','reservation:List','a7341922-ab81-4715-8b5e-a9a274b925d9',1,'2018-04-05 13:00:49',5),('3b46f5ed-d3bc-4cb3-b348-47c0468a39bd','洗衣类型','query','/laundryType/queryList','laundryType:List','a7341922-ab81-4715-8b5e-a9a274b925d9',1,'2018-03-19 15:36:22',3),('5','角色管理','query','/roleManager/queryRole','roleList:List','1',1,'2018-02-27 15:43:33',2),('6','权限管理','query','/perManager/queryPer','perList:List','1',1,'2018-02-27 16:41:36',3),('69cf696b-e2f1-425e-bb4c-9c2ebe0f99ce','洗衣管理','query','/orderExecution/queryList','orderExecution:List','a7341922-ab81-4715-8b5e-a9a274b925d9',1,'2018-03-29 13:45:26',4),('6d020d93-c6f4-444a-bc34-75b4828916cb','财务管理','query','/finRecorded/queryList','finRecorded:List','8944e2e4-e2fc-4979-bc3a-17c7d64ff82e',1,'2018-03-25 21:07:53',2),('86257f6e-5e3e-49d3-b864-52e3b5ffc9f4','客户管理','query','/clientManager/queryList','clientList:List','c595dd24-7333-4f63-bba7-73cd6aaaeb91',1,'2018-03-18 15:55:40',1),('8944e2e4-e2fc-4979-bc3a-17c7d64ff82e','账务管理','query','javascript:;','mm',NULL,1,'2018-03-25 20:01:32',6),('9699f90b-37d2-4106-b447-33913e1435de','财务类别','query','/finSource/queryList','finSource:List','8944e2e4-e2fc-4979-bc3a-17c7d64ff82e',1,'2018-03-25 20:02:05',1),('a3b245a6-5ab4-4bc5-8aad-31e2acbdb835','订单管理','query','/order/queryList','order:List','a7341922-ab81-4715-8b5e-a9a274b925d9',1,'2018-03-19 12:25:47',1),('a7341922-ab81-4715-8b5e-a9a274b925d9','洗衣管理','query','javascript:;','xixi',NULL,1,'2018-03-19 12:24:31',5),('b4f0abc1-fd86-4805-b43a-1e274509083a','会员管理','query','/integral/queryList','integral:List','c595dd24-7333-4f63-bba7-73cd6aaaeb91',1,'2018-03-21 15:48:45',2),('be933b80-3c16-4a0e-bb15-b7d95fc8fb35','5555','query','3256','22',NULL,1,'2018-03-11 20:25:28',3),('beee0bf3-826c-4922-9159-0e9e974beb55','213123','update','12312','312','3',1,'2018-02-28 17:48:23',2),('c595dd24-7333-4f63-bba7-73cd6aaaeb91','客户管理','query','javascript:;','客户管理',NULL,1,'2018-03-18 15:49:00',4),('dea7d4c3-3208-43da-8b77-472f33571cba','123','update','12','3213','3',1,'2018-02-28 11:30:19',1);

/*Table structure for table `sys_permissionrole` */

DROP TABLE IF EXISTS `sys_permissionrole`;

CREATE TABLE `sys_permissionrole` (
  `id` varchar(128) NOT NULL COMMENT '主键',
  `role_Id` varchar(128) DEFAULT NULL COMMENT '角色id',
  `permission_Id` varchar(128) DEFAULT NULL COMMENT '权限id',
  PRIMARY KEY (`id`),
  KEY `role_Id` (`role_Id`),
  KEY `permission_Id` (`permission_Id`)
) ENGINE=InnoDB DEFAULT CHARSET=utf8;

/*Data for the table `sys_permissionrole` */

insert  into `sys_permissionrole`(`id`,`role_Id`,`permission_Id`) values ('0068db38-c805-4a6d-a4dd-e9491d057f45','1','69cf696b-e2f1-425e-bb4c-9c2ebe0f99ce'),('07364bf8-a44d-4ec8-8403-c523bb940f65','cf2c7bd2-3275-4a54-aa73-ab0b9fa7fca5','b4f0abc1-fd86-4805-b43a-1e274509083a'),('08cea278-27cc-44fe-bf41-633e5f7150f3','1','86257f6e-5e3e-49d3-b864-52e3b5ffc9f4'),('0b5f0d2c-bf92-42d4-be65-3456ddd1db8a','cf2c7bd2-3275-4a54-aa73-ab0b9fa7fca5','a3b245a6-5ab4-4bc5-8aad-31e2acbdb835'),('22acd481-43e8-4674-8e2e-44371ffe101f','cf2c7bd2-3275-4a54-aa73-ab0b9fa7fca5','69cf696b-e2f1-425e-bb4c-9c2ebe0f99ce'),('2372f8ab-47c6-4460-8cd6-55a8db741e5b','1','a3b245a6-5ab4-4bc5-8aad-31e2acbdb835'),('26084aa4-0372-49de-b5ce-09c7decf5f9d','1','8944e2e4-e2fc-4979-bc3a-17c7d64ff82e'),('2cc6df5f-1a69-408c-ad0c-fd940dbcf59f','1','6d020d93-c6f4-444a-bc34-75b4828916cb'),('3da5155b-a99a-4a90-82f1-2cb80d2123da','1','1'),('3e559e68-4a22-4966-8ae4-da89b4bc210d','1','5'),('426dbe72-c01e-44d6-98c8-924afd2abdf2','1','6'),('5fc56807-8445-4ba5-ae56-617fe17a186b','cf2c7bd2-3275-4a54-aa73-ab0b9fa7fca5','6d020d93-c6f4-444a-bc34-75b4828916cb'),('5ff827c8-8b69-490b-8431-9ad1a112cda3','cf2c7bd2-3275-4a54-aa73-ab0b9fa7fca5','6'),('62b8d505-b173-4d6a-a8e3-8287c3104d25','cf2c7bd2-3275-4a54-aa73-ab0b9fa7fca5','c595dd24-7333-4f63-bba7-73cd6aaaeb91'),('67f02233-2d47-476f-b470-d71be4d6fb39','cf2c7bd2-3275-4a54-aa73-ab0b9fa7fca5','9699f90b-37d2-4106-b447-33913e1435de'),('67fe29ba-db6e-4208-a6f5-f3f3615cb549','1256013b-fca8-44aa-aace-7f5e5e1bc8db','3563763d-a457-4c69-90be-dad89deabaf3'),('6a7102db-f8d6-4883-8740-2f98135499b5','cf2c7bd2-3275-4a54-aa73-ab0b9fa7fca5','3b46f5ed-d3bc-4cb3-b348-47c0468a39bd'),('7eabdb90-4863-4adb-bad3-70ab726018b7','1256013b-fca8-44aa-aace-7f5e5e1bc8db','69cf696b-e2f1-425e-bb4c-9c2ebe0f99ce'),('8e482422-a45d-4d1e-b620-b0095e0e20f5','1256013b-fca8-44aa-aace-7f5e5e1bc8db','c595dd24-7333-4f63-bba7-73cd6aaaeb91'),('93948de5-cd0f-40a4-a683-b2373801dd40','cf2c7bd2-3275-4a54-aa73-ab0b9fa7fca5','2'),('94bef55d-6eb8-421b-a125-92e4862c6683','1','3563763d-a457-4c69-90be-dad89deabaf3'),('959c9cb0-8bed-4ab5-a1e7-30cbc8e3dc05','cf2c7bd2-3275-4a54-aa73-ab0b9fa7fca5','86257f6e-5e3e-49d3-b864-52e3b5ffc9f4'),('977c1c97-cd73-4dae-8bed-dd739491b2d6','1256013b-fca8-44aa-aace-7f5e5e1bc8db','86257f6e-5e3e-49d3-b864-52e3b5ffc9f4'),('9cfb80c3-1a37-4c7e-9641-5a8dd52c75bf','cf2c7bd2-3275-4a54-aa73-ab0b9fa7fca5','8944e2e4-e2fc-4979-bc3a-17c7d64ff82e'),('b0e73f98-f0d4-43d1-999d-846f57423e1b','1256013b-fca8-44aa-aace-7f5e5e1bc8db','a3b245a6-5ab4-4bc5-8aad-31e2acbdb835'),('b27946e3-5be7-47d1-908e-2b660a9de672','1','9699f90b-37d2-4106-b447-33913e1435de'),('b27dd1e1-8f35-457b-b206-54c5f2095513','1','a7341922-ab81-4715-8b5e-a9a274b925d9'),('ba61fd82-c1c6-4007-a8eb-0d829c4e497a','1','3b46f5ed-d3bc-4cb3-b348-47c0468a39bd'),('bfa6224a-4257-48d3-a57f-c50d2fd9d4af','cf2c7bd2-3275-4a54-aa73-ab0b9fa7fca5','5'),('c36b5cc0-49e2-435e-ba20-eae9a1ab6ab8','cf2c7bd2-3275-4a54-aa73-ab0b9fa7fca5','31bca1c3-784a-468b-b181-6109feb1bf1c'),('cc9d504e-7929-4347-ab76-315f03902df4','cf2c7bd2-3275-4a54-aa73-ab0b9fa7fca5','3563763d-a457-4c69-90be-dad89deabaf3'),('cd45301e-65f1-4660-a484-57e245b35bec','cf2c7bd2-3275-4a54-aa73-ab0b9fa7fca5','a7341922-ab81-4715-8b5e-a9a274b925d9'),('d9419166-e6fe-4308-9ed8-5bc2c446eff5','1','31bca1c3-784a-468b-b181-6109feb1bf1c'),('e2effbd1-0118-4b88-ac00-e468ab111b17','1','c595dd24-7333-4f63-bba7-73cd6aaaeb91'),('e6c4123f-cede-4ce7-82b1-d9fa57e90585','cf2c7bd2-3275-4a54-aa73-ab0b9fa7fca5','1'),('e98eba53-1c9b-4fe6-afc5-2a8d278b8068','1256013b-fca8-44aa-aace-7f5e5e1bc8db','a7341922-ab81-4715-8b5e-a9a274b925d9'),('edbd9041-3d1a-405e-aa11-c03b0d33e166','1','2'),('f62596ae-16fe-4753-83c0-d2625bcd82c0','1','b4f0abc1-fd86-4805-b43a-1e274509083a');

/*Table structure for table `sys_role` */

DROP TABLE IF EXISTS `sys_role`;

CREATE TABLE `sys_role` (
  `id` varchar(128) NOT NULL COMMENT '主键',
  `roleName` varchar(128) DEFAULT NULL COMMENT '角色名',
  `createTime` datetime DEFAULT NULL COMMENT '创建时间',
  PRIMARY KEY (`id`)
) ENGINE=InnoDB DEFAULT CHARSET=utf8;

/*Data for the table `sys_role` */

insert  into `sys_role`(`id`,`roleName`,`createTime`) values ('1','管理员','2018-02-25 12:54:30'),('1256013b-fca8-44aa-aace-7f5e5e1bc8db','店员','2018-05-15 14:06:55'),('34e17e91-e276-4839-b0f3-b12e97fccddc','31231324','2018-02-27 16:39:43'),('cf2c7bd2-3275-4a54-aa73-ab0b9fa7fca5','店长','2018-05-15 14:05:47'),('df11f8d5-ec7d-427d-bb8b-c37c05e9eb25','多少度','2018-02-27 17:03:45');

/*Table structure for table `sys_user` */

DROP TABLE IF EXISTS `sys_user`;

CREATE TABLE `sys_user` (
  `id` varchar(64) NOT NULL COMMENT 'id',
  `username` varchar(64) DEFAULT NULL COMMENT '账号',
  `password` varchar(64) DEFAULT NULL COMMENT '密码',
  `nickName` varchar(20) DEFAULT NULL COMMENT '昵称',
  `salt` varchar(64) DEFAULT NULL COMMENT 'MD5加盐',
  `state` int(11) DEFAULT NULL COMMENT '状态:0停用，1可用',
  `createTime` datetime DEFAULT NULL COMMENT '注册时间',
  `imgurl` varchar(255) DEFAULT 'images/face.jpg',
  PRIMARY KEY (`id`)
) ENGINE=InnoDB DEFAULT CHARSET=utf8;

/*Data for the table `sys_user` */

insert  into `sys_user`(`id`,`username`,`password`,`nickName`,`salt`,`state`,`createTime`,`imgurl`) values ('1089286e-9ab8-4ec4-8b0c-5c90c37f510b','????','121','212121',NULL,1,'2018-02-26 00:00:00','images/face.jpg'),('20','213213','0ea77baa83d4b15f637822e8acf56159','1231','7',1,'2018-02-25 18:56:55','images/face.jpg'),('20deaacd-1a6a-48a0-9e6c-732211a8e25d','???','21321','312',NULL,1,NULL,'images/face.jpg'),('29ac686c-21b6-412b-b61c-d8ea84748c39','???','123','12312312',NULL,1,NULL,'images/face.jpg'),('321321','????','121','232',NULL,1,NULL,'images/face.jpg'),('5d3d4be9-54d9-40f1-bae6-bd6430eef884','212??','213','12312312',NULL,1,NULL,'images/face.jpg'),('636e8184-5c11-466e-8317-41fb2d43a492','312','3123','12312312',NULL,1,NULL,'images/face.jpg'),('6e0409ca-8c57-4517-bbc7-ff6a4eededab','3123ddddd','12312','312312',NULL,NULL,NULL,'images/face.jpg'),('6fc965fe-0392-435e-9a12-988fd89612ce','3123','12312','312312',NULL,1,NULL,'images/face.jpg'),('7','123','4c5d1c6a40fd492e168feb2a37146f22','21312','7',1,'2018-03-07 20:23:17','images/000247589.jpg'),('7cbedfaa-4baf-47c4-970d-92c85c22d254','99999999999','1111','1111',NULL,1,NULL,'images/face.jpg'),('7fc91687-f937-49a9-91d5-aa19e7449c1d','2','3','(NULL4)',NULL,NULL,NULL,'images/face.jpg'),('8be35a54-6604-4b73-8b48-b2682de5dd6a','p555iii','cfba7fcd23e6bdbfe0b778a7902ec328','常彦东','8be35a54-6604-4b73-8b48-b2682de5dd6a',1,'2018-03-07 19:56:02','images/face.jpg'),('aca7b46d-45df-4e13-b55f-4a9f08ff6b0e','cyd1','123','1234',NULL,1,NULL,'images/face.jpg'),('b145dab3-7891-492a-8ac3-8848e48a4cd7','dz','c52bd01c1abf5b70c9f01acd6065c0b3','123','b145dab3-7891-492a-8ac3-8848e48a4cd7',1,'2018-05-15 14:06:28','images/051120936.jpg'),('c61309d7-8f1a-4f68-83c1-bc3d730f7799','213','123213','12321',NULL,1,'2018-02-26 00:00:00','images/face.jpg'),('d79c92f8-7aa7-4a9a-8a0a-0c7a58ba60c3','12321','3123','12312312',NULL,1,'2018-02-26 17:28:22','images/face.jpg'),('e0b26bda-a9b1-4f88-8e9d-4f71acd48820','p666iii','75992023b594f905f2ae1afb452df086','1231','e0b26bda-a9b1-4f88-8e9d-4f71acd48820',1,'2018-03-07 20:13:38','images/face.jpg'),('e148cff2-02ca-4bee-9079-f69f55b3cdd8','12312','312312','3123',NULL,1,NULL,'images/face.jpg'),('e24135ed-7bbf-4fbb-a84b-d998b8ec68e5','3213dsds','1312','312312',NULL,1,NULL,'images/face.jpg'),('ed3366c4-edf3-41f0-93e9-dc5d3f75ee77','23213123','123','21312312',NULL,1,'2018-02-26 00:00:00','images/face.jpg'),('f1a221a6-1397-49dd-b7e6-7e1de4e4ad9c','cyd','819e470cfe5194f3c7e6006d77d29b54','cyd','f1a221a6-1397-49dd-b7e6-7e1de4e4ad9c',1,'2018-04-19 11:21:03','images/face.jpg'),('f3103de1-8930-45b6-8b19-695eafaa85dc','213','213','12312312',NULL,1,NULL,'images/face.jpg');

/*Table structure for table `sys_userrole` */

DROP TABLE IF EXISTS `sys_userrole`;

CREATE TABLE `sys_userrole` (
  `id` varchar(128) NOT NULL COMMENT '主键',
  `user_Id` varchar(128) DEFAULT NULL COMMENT '用户id',
  `role_Id` varchar(128) DEFAULT NULL COMMENT '角色id',
  PRIMARY KEY (`id`),
  KEY `user_Id` (`user_Id`),
  KEY `role_Id` (`role_Id`)
) ENGINE=InnoDB DEFAULT CHARSET=utf8;

/*Data for the table `sys_userrole` */

insert  into `sys_userrole`(`id`,`user_Id`,`role_Id`) values ('11c7ae3c-833f-4b7a-9969-30ce91d6259a','b145dab3-7891-492a-8ac3-8848e48a4cd7','cf2c7bd2-3275-4a54-aa73-ab0b9fa7fca5'),('3','8be35a54-6604-4b73-8b48-b2682de5dd6a','1'),('48a3cd25-4708-4ec4-8055-8208a5fb12e4','e0b26bda-a9b1-4f88-8e9d-4f71acd48820','1'),('de281811-990f-4d95-be1f-f2c75f276618','7','1256013b-fca8-44aa-aace-7f5e5e1bc8db');

/*!40101 SET SQL_MODE=@OLD_SQL_MODE */;
/*!40014 SET FOREIGN_KEY_CHECKS=@OLD_FOREIGN_KEY_CHECKS */;
/*!40014 SET UNIQUE_CHECKS=@OLD_UNIQUE_CHECKS */;
/*!40111 SET SQL_NOTES=@OLD_SQL_NOTES */;
